aprobacion_presidencial,word,n
Desaprueba,politica,148.45514
Desaprueba,promesas,121.25305
Desaprueba,gobierno,115.90569
Desaprueba,gusta,88.63153
Desaprueba,empleo,85.35589
Desaprueba,economia,82.17309
Desaprueba,educacion,78.92136
Desaprueba,delincuencia,69.75144
Desaprueba,leyes,62.253
Desaprueba,salud,57.88986
Desaprueba,falta,51.41244
Desaprueba,gestion,50.5342
Desaprueba,sueldos,50.04664
Desaprueba,cumplido,44.66392
Desaprueba,empresas,43.75234
Desaprueba,inmigracion,43.14088
Desaprueba,forma,40.30013
Desaprueba,presidente,37.72158
Desaprueba,cambio,37.22059
Desaprueba,reformas,36.14302
Desaprueba,empresariado,34.541
Desaprueba,mala,32.41907
Desaprueba,manejo,32.13715
Desaprueba,siento,30.70968
Desaprueba,jubilacion,30.43673
Desaprueba,ministro,30.00925
Desaprueba,personas,29.52407
Desaprueba,sociales,28.11278
Desaprueba,problemas,27.14666
Desaprueba,cumple,26.9637
Desaprueba,veo,26.10076
Desaprueba,clase,25.14164
Desaprueba,social,25.07594
Desaprueba,proyecto,24.94405
Desaprueba,quintero,24.4942
Desaprueba,iba,22.87108
Desaprueba,persona,20.79567
Desaprueba,minimo,20.37859
Desaprueba,derechos,19.4176
Desaprueba,ve,18.69022
Desaprueba,plata,18.57392
Desaprueba,99,18.53854
Desaprueba,visto,18.4516
Desaprueba,laboral,18.01539
Desaprueba,campaña,17.80837
Desaprueba,pobre,16.92871
Desaprueba,derecha,16.71672
Desaprueba,decision,14.73546
Desaprueba,pueblo,14.71562
Desaprueba,cosa,14.67323
Desaprueba,genero,14.5606
Desaprueba,problema,14.11898
Desaprueba,media,13.64061
Desaprueba,ricos,13.57881
Desaprueba,chile,13.43107
Desaprueba,tributaria,13.26435
Desaprueba,araucania,13.19901
Desaprueba,aumento,12.81568
Desaprueba,medidas,12.75141
Desaprueba,beneficios,12.74018
Desaprueba,malo,12.68783
Desaprueba,seguridad,12.62421
Desaprueba,empresario,12.29762
Desaprueba,desapruebo,12.29449
Desaprueba,realidad,12.13817
Desaprueba,pobres,12.1317
Desaprueba,ayuda,12.03168
Desaprueba,ladron,12.01447
Desaprueba,casa,11.99304
Desaprueba,chilenos,11.45991
Desaprueba,pasa,11.40668
Desaprueba,tenia,11.4017
Desaprueba,publicas,11.37259
Desaprueba,caso,11.23117
Desaprueba,años,11.07917
Desaprueba,piñera,11.0251
Desaprueba,bajos,10.87715
Desaprueba,afp,10.72561
Desaprueba,nivel,10.60203
Desaprueba,està,10.51871
Desaprueba,dando,10.36537
Desaprueba,aca,10.32318
Desaprueba,carabineros,10.2255
Desaprueba,echo,10.20258
Desaprueba,impuestos,10.1842
Desaprueba,intereses,10.11506
Desaprueba,desarrollo,10.06224
Desaprueba,gratuidad,10.0129
Desaprueba,mano,10.00759
Desaprueba,estudios,9.84431
Desaprueba,mejorar,9.56052
Desaprueba,oportunidades,9.53761
Desaprueba,mandato,9.48141
Desaprueba,gustan,9.44909
Desaprueba,pesos,9.27902
Desaprueba,meses,9.12573
Desaprueba,humanos,9.0875
Desaprueba,cumpliendo,9.04553
Desaprueba,agenda,9.0208
Desaprueba,baja,8.9881
Desaprueba,subir,8.96087
Desaprueba,sentido,8.90806
Desaprueba,beneficio,8.84019
Desaprueba,interes,8.77958
Desaprueba,considero,8.77034
Desaprueba,concreto,8.71005
Desaprueba,pasando,8.50368
Desaprueba,cumplir,8.48223
Desaprueba,adulto,8.4497
Desaprueba,tomado,8.4155
Desaprueba,aborto,8.38608
Desaprueba,combustibles,8.3212
Desaprueba,conflicto,8.28264
Desaprueba,mapuche,8.22095
Desaprueba,alto,8.21983
Desaprueba,maneja,8.21348
Desaprueba,edad,8.06204
Desaprueba,llevando,7.92822
Desaprueba,ideas,7.87093
Desaprueba,discurso,7.82422
Desaprueba,siguen,7.80704
Desaprueba,consecuente,7.73654
Desaprueba,identidad,7.72756
Desaprueba,cargo,7.64178
Desaprueba,sistema,7.63212
Desaprueba,mentira,7.62515
Desaprueba,realmente,7.59069
Desaprueba,recursos,7.58313
Desaprueba,necesita,7.55542
Desaprueba,bono,7.54299
Desaprueba,transparencia,7.51495
Desaprueba,partido,7.43623
Desaprueba,dinero,7.37858
Desaprueba,mentiroso,7.3744
Desaprueba,ningun,7.29053
Desaprueba,apoya,7.22596
Desaprueba,dura,7.15296
Desaprueba,alta,7.1494
Desaprueba,situacion,7.08353
Desaprueba,ido,6.91035
Desaprueba,toma,6.90245
Desaprueba,desigualdad,6.8801
Desaprueba,principal,6.80995
Desaprueba,claridad,6.77348
Desaprueba,ambiente,6.76448
Desaprueba,tipo,6.74523
Desaprueba,ayudar,6.72523
Desaprueba,jovenes,6.72252
Desaprueba,fondo,6.71912
Desaprueba,gabinete,6.69213
Desaprueba,preocupa,6.63035
Desaprueba,ideologia,6.62542
Desaprueba,importante,6.56766
Desaprueba,mil,6.52204
Desaprueba,contrario,6.46599
Desaprueba,informacion,6.44122
Desaprueba,favor,6.42564
Desaprueba,país,6.35214
Desaprueba,lento,6.34734
Desaprueba,familia,6.34496
Desaprueba,cabo,6.32808
Desaprueba,alzas,6.32661
Desaprueba,solucion,6.3073
Desaprueba,cumplio,6.30555
Desaprueba,atencion,6.23157
Desaprueba,corrupto,6.11354
Desaprueba,region,6.07004
Desaprueba,mejores,6.02911
Desaprueba,zona,6.00801
Desaprueba,moral,6.00592
Desaprueba,molesta,5.98996
Desaprueba,asunto,5.88776
Desaprueba,estudiantes,5.82788
Desaprueba,puras,5.77726
Desaprueba,conflictos,5.75474
Desaprueba,vivir,5.73273
Desaprueba,pobreza,5.70891
Desaprueba,incumplimiento,5.70459
Desaprueba,comunicacional,5.69235
Desaprueba,jubilados,5.69098
Desaprueba,alcanza,5.65824
Desaprueba,pagar,5.58297
Desaprueba,comparto,5.56354
Desaprueba,mira,5.52616
Desaprueba,importancia,5.49038
Desaprueba,debiera,5.47742
Desaprueba,queda,5.46885
Desaprueba,corrupcion,5.46593
Desaprueba,anuncios,5.4637
Desaprueba,suben,5.42417
Desaprueba,supone,5.41662
Desaprueba,pega,5.40134
Desaprueba,izquierda,5.39854
Desaprueba,importantes,5.37932
Desaprueba,sube,5.3408
Desaprueba,sename,5.3269
Desaprueba,programa,5.28437
Desaprueba,salario,5.26635
Desaprueba,manejado,5.23917
Desaprueba,notado,5.21678
Desaprueba,contaminacion,5.21134
Desaprueba,seguir,5.17939
Desaprueba,soluciones,5.14373
Desaprueba,beneficia,5.11398
Desaprueba,caballero,5.07028
Desaprueba,netamente,5.06994
Desaprueba,opinion,5.03566
Desaprueba,candidato,5.02301
Desaprueba,cae,5.00556
Desaprueba,abajo,4.99352
Desaprueba,anteriores,4.98176
Desaprueba,arreglar,4.98067
Desaprueba,prioridad,4.93002
Desaprueba,cerrando,4.91146
Desaprueba,iban,4.89825
Desaprueba,ambientales,4.88688
Desaprueba,chica,4.87974
Desaprueba,màs,4.85633
Desaprueba,propuestas,4.85128
Desaprueba,congreso,4.85006
Desaprueba,publica,4.73205
Desaprueba,apoyo,4.73007
Desaprueba,cree,4.72856
Desaprueba,supuestamente,4.68891
Desaprueba,bachelet,4.68762
Desaprueba,libres,4.67848
Desaprueba,tendencia,4.67322
Desaprueba,favorecen,4.63461
Desaprueba,preocupado,4.63431
Desaprueba,pienso,4.63021
Desaprueba,sector,4.62246
Desaprueba,joven,4.60661
Desaprueba,cuesta,4.57885
Desaprueba,pesima,4.55495
Desaprueba,anuncio,4.52518
Desaprueba,niños,4.48377
Desaprueba,simplemente,4.47681
Desaprueba,crecimiento,4.45141
Desaprueba,mirada,4.43863
Desaprueba,justicia,4.42922
Desaprueba,cero,4.403
Desaprueba,negocios,4.39036
Desaprueba,osea,4.38719
Desaprueba,noticias,4.38117
Desaprueba,trato,4.34882
Desaprueba,palabra,4.34131
Desaprueba,calidad,4.33693
Desaprueba,pense,4.32113
Desaprueba,errores,4.29729
Desaprueba,respeto,4.27811
Desaprueba,rapido,4.27075
Desaprueba,vida,4.26455
Desaprueba,solucionar,4.25258
Desaprueba,vivienda,4.2519
Desaprueba,ofrecio,4.24922
Desaprueba,agrada,4.24103
Desaprueba,hora,4.23254
Desaprueba,populista,4.22784
Desaprueba,conciencia,4.22377
Desaprueba,dejan,4.21327
Desaprueba,representa,4.20289
Desaprueba,estabilidad,4.19368
Desaprueba,libertad,4.19367
Desaprueba,robo,4.17611
Desaprueba,prioridades,4.16231
Desaprueba,sacar,4.13609
Desaprueba,estudiar,4.12896
Desaprueba,arreglan,4.11337
Desaprueba,populismo,4.1123
Desaprueba,sociedad,4.09818
Desaprueba,razon,4.0806
Desaprueba,personal,4.07452
Desaprueba,postura,4.06596
Desaprueba,ambiental,4.05747
Desaprueba,malas,4.04339
Desaprueba,sebastian,3.98601
Desaprueba,litio,3.98119
Desaprueba,condiciones,3.95272
Desaprueba,robos,3.94601
Desaprueba,necesidades,3.93233
Desaprueba,independiente,3.92246
Desaprueba,negocio,3.9192
Desaprueba,parecen,3.91623
Desaprueba,resto,3.90397
Desaprueba,precios,3.90259
Desaprueba,aprobadas,3.89592
Desaprueba,incumplidas,3.88759
Desaprueba,modelo,3.88427
Desaprueba,voto,3.882
Desaprueba,sabido,3.87757
Desaprueba,preocupacion,3.85584
Desaprueba,eleccion,3.84572
Desaprueba,tiempos,3.84571
Desaprueba,esperaba,3.84345
Desaprueba,aspecto,3.84158
Desaprueba,medios,3.83699
Desaprueba,palabras,3.82923
Desaprueba,año,3.81561
Desaprueba,particular,3.80792
Desaprueba,idea,3.79724
Desaprueba,problematicas,3.79283
Desaprueba,cumplidas,3.78667
Desaprueba,posicion,3.7629
Desaprueba,grupos,3.75495
Desaprueba,practica,3.7429
Desaprueba,necesitan,3.72218
Desaprueba,suledos,3.72006
Desaprueba,fuerzas,3.70326
Desaprueba,imagino,3.69549
Desaprueba,cultura,3.69409
Desaprueba,vive,3.68893
Desaprueba,gustado,3.6872
Desaprueba,hospital,3.6787
Desaprueba,ven,3.66254
Desaprueba,nombrar,3.65686
Desaprueba,harta,3.65535
Desaprueba,puerta,3.65248
Desaprueba,libre,3.65186
Desaprueba,vote,3.62576
Desaprueba,demoran,3.6149
Desaprueba,vivo,3.61053
Desaprueba,claras,3.59812
Desaprueba,llego,3.58809
Desaprueba,expectativas,3.57781
Desaprueba,area,3.57605
Desaprueba,sobretodo,3.5642
Desaprueba,hombre,3.54863
Desaprueba,ministerios,3.52404
Desaprueba,privado,3.50222
Desaprueba,interesa,3.49788
Desaprueba,respuesta,3.49275
Desaprueba,enfasis,3.491
Desaprueba,dichos,3.48781
Desaprueba,alumnos,3.47999
Desaprueba,aprueba,3.47819
Desaprueba,razones,3.47172
Desaprueba,preocupan,3.46296
Desaprueba,sacrificio,3.45924
Desaprueba,vision,3.43322
Desaprueba,derecho,3.42279
Desaprueba,cumpla,3.42174
Desaprueba,avances,3.40956
Desaprueba,imagen,3.40918
Desaprueba,principales,3.40747
Desaprueba,cumplen,3.3747
Desaprueba,vista,3.37232
Desaprueba,terminar,3.37156
Desaprueba,pensamiento,3.36844
Desaprueba,unico,3.36543
Desaprueba,mire,3.36217
Desaprueba,control,3.34504
Desaprueba,nacionales,3.33387
Desaprueba,mayores,3.32627
Desaprueba,soquimic,3.32054
Desaprueba,mentiras,3.2975
Desaprueba,iguales,3.29294
Desaprueba,abordado,3.28792
Desaprueba,banco,3.28769
Desaprueba,credibilidad,3.28461
Desaprueba,medioambiental,3.28359
Desaprueba,trabajadora,3.27486
Desaprueba,sale,3.26757
Desaprueba,propuesto,3.24943
Desaprueba,actuado,3.23886
Desaprueba,venta,3.23655
Desaprueba,justos,3.22798
Desaprueba,trate,3.22781
Desaprueba,plan,3.2255
Desaprueba,viene,3.21959
Desaprueba,parecio,3.21223
Desaprueba,hiba,3.20178
Desaprueba,ganancias,3.19939
Desaprueba,director,3.19708
Desaprueba,puestos,3.19708
Desaprueba,conduccion,3.18859
Desaprueba,mayoria,3.18801
Desaprueba,ganar,3.18439
Desaprueba,tratado,3.16547
Desaprueba,ojala,3.15016
Desaprueba,improvisacion,3.14266
Desaprueba,sacan,3.12579
Desaprueba,posibilidad,3.12279
Desaprueba,cantidad,3.11225
Desaprueba,escucha,3.10676
Desaprueba,1er,3.10602
Desaprueba,bodas,3.10602
Desaprueba,cambiaron,3.10602
Desaprueba,letra,3.10602
Desaprueba,oro,3.10602
Desaprueba,diferencias,3.10381
Desaprueba,juvenil,3.10069
Desaprueba,quita,3.06949
Desaprueba,laborales,3.06879
Desaprueba,ultimos,3.06575
Desaprueba,tira,3.06491
Desaprueba,necesarias,3.05406
Desaprueba,mujer,3.05264
Desaprueba,qe,3.0428
Desaprueba,mes,3.03691
Desaprueba,confiable,3.03532
Desaprueba,elegido,3.02621
Desaprueba,avanzado,3.02076
Desaprueba,alomejor,3.02058
Desaprueba,super,3.01844
Desaprueba,semana,3.00576
Desaprueba,actualidad,3.00429
Desaprueba,lenta,2.99925
Desaprueba,tirado,2.98569
Desaprueba,haga,2.98487
Desaprueba,aprobando,2.98471
Desaprueba,generado,2.98198
Desaprueba,hermano,2.97311
Desaprueba,deberia,2.96918
Desaprueba,despiden,2.9678
Desaprueba,yendo,2.96576
Desaprueba,socioeconomico,2.95739
Desaprueba,presupuesto,2.95316
Desaprueba,mejoras,2.94715
Desaprueba,salen,2.94378
Desaprueba,hablar,2.94297
Desaprueba,metido,2.92928
Desaprueba,practicamente,2.92802
Desaprueba,nombre,2.91457
Desaprueba,enfoca,2.90581
Desaprueba,detenido,2.89644
Desaprueba,realizando,2.89311
Desaprueba,ambito,2.8911
Desaprueba,cumplimiento,2.88925
Desaprueba,familiares,2.88764
Desaprueba,capitalista,2.88702
Desaprueba,dificil,2.88067
Desaprueba,avansa,2.87942
Desaprueba,manejando,2.87901
Desaprueba,comercio,2.8713
Desaprueba,experiencia,2.86607
Desaprueba,confianza,2.85916
Desaprueba,rodea,2.85887
Desaprueba,pagan,2.85201
Desaprueba,poblacion,2.83259
Desaprueba,manos,2.82907
Desaprueba,hijo,2.82365
Desaprueba,cargos,2.81513
Desaprueba,ves,2.8062
Desaprueba,privatizacion,2.80036
Desaprueba,progreso,2.79729
Desaprueba,despidos,2.79264
Desaprueba,posterga,2.7832
Desaprueba,seguimos,2.78036
Desaprueba,asaltos,2.77086
Desaprueba,portonazos,2.77086
Desaprueba,armadas,2.76606
Desaprueba,entrar,2.76214
Desaprueba,preferencia,2.7566
Desaprueba,millones,2.75336
Desaprueba,corriente,2.75004
Desaprueba,defiende,2.74347
Desaprueba,miente,2.74271
Desaprueba,concretas,2.73856
Desaprueba,legislativa,2.7322
Desaprueba,incongruencia,2.72745
Desaprueba,ultimamente,2.71249
Desaprueba,ingresando,2.71138
Desaprueba,favorece,2.70306
Desaprueba,mantener,2.70277
Desaprueba,subiendo,2.69924
Desaprueba,programas,2.69307
Desaprueba,santiago,2.6838
Desaprueba,totalidad,2.68259
Desaprueba,mundo,2.68048
Desaprueba,impuesto,2.67673
Desaprueba,refiero,2.67588
Desaprueba,minorias,2.6736
Desaprueba,subido,2.67216
Desaprueba,concuerdo,2.66918
Desaprueba,caos,2.66572
Desaprueba,viendo,2.65857
Desaprueba,empezando,2.65785
Desaprueba,base,2.6562
Desaprueba,vandalismo,2.65392
Desaprueba,tirar,2.64849
Desaprueba,curso,2.64804
Desaprueba,avance,2.64588
Desaprueba,demaciado,2.64145
Desaprueba,importa,2.64037
Desaprueba,po,2.63422
Desaprueba,estilo,2.62664
Desaprueba,punto,2.62596
Desaprueba,plantea,2.62115
Desaprueba,mercado,2.6162
Desaprueba,linea,2.61393
Desaprueba,político,2.61114
Desaprueba,real,2.60758
Desaprueba,caro,2.6057
Desaprueba,profesores,2.6035
Desaprueba,aumentado,2.60298
Desaprueba,quitado,2.59769
Desaprueba,ficha,2.59671
Desaprueba,resulta,2.59671
Desaprueba,puesto,2.59548
Desaprueba,dictadura,2.5844
Desaprueba,familiar,2.58421
Desaprueba,digamos,2.58371
Desaprueba,llevado,2.57396
Desaprueba,falso,2.57173
Desaprueba,agua,2.57025
Desaprueba,dirigirse,2.56983
Desaprueba,nomas,2.56687
Desaprueba,etc,2.56215
Desaprueba,aparte,2.55179
Desaprueba,quer,2.55023
Desaprueba,política,2.54824
Desaprueba,obrero,2.54195
Desaprueba,adecuado,2.54147
Desaprueba,demasiados,2.52626
Desaprueba,publico,2.525
Desaprueba,periodo,2.52333
Desaprueba,ciudad,2.5211
Desaprueba,principios,2.49352
Desaprueba,bajando,2.48921
Desaprueba,suficiente,2.48789
Desaprueba,políticas,2.48733
Desaprueba,medioambiente,2.47667
Desaprueba,fecha,2.47592
Desaprueba,mandando,2.46926
Desaprueba,cifras,2.46571
Desaprueba,desconfianza,2.45972
Desaprueba,generales,2.45818
Desaprueba,invertir,2.45744
Desaprueba,actua,2.45685
Desaprueba,propuesta,2.4562
Desaprueba,enfrenta,2.45511
Desaprueba,pagando,2.45494
Desaprueba,casas,2.44516
Desaprueba,actual,2.44285
Desaprueba,mujeres,2.4424
Desaprueba,pais,2.44078
Desaprueba,nota,2.43917
Desaprueba,llamamos,2.43768
Desaprueba,quede,2.43714
Desaprueba,empatia,2.43697
Desaprueba,cerraron,2.43567
Desaprueba,tomar,2.43316
Desaprueba,humilde,2.42767
Desaprueba,reclamar,2.42631
Desaprueba,situaciòn,2.42065
Desaprueba,puchuncavi,2.41753
Desaprueba,internos,2.40832
Desaprueba,pq,2.40771
Desaprueba,presta,2.39572
Desaprueba,referente,2.39405
Desaprueba,repite,2.38774
Desaprueba,saco,2.38696
Desaprueba,sirven,2.37906
Desaprueba,trabajador,2.37707
Desaprueba,corbata,2.37113
Desaprueba,cuello,2.37113
Desaprueba,resolver,2.36636
Desaprueba,tantas,2.36228
Desaprueba,tien,2.36133
Desaprueba,venian,2.36007
Desaprueba,contradicciones,2.35931
Desaprueba,demasiadas,2.35824
Desaprueba,propone,2.35507
Desaprueba,pareja,2.35487
Desaprueba,terminos,2.35417
Desaprueba,contingencia,2.3513
Desaprueba,sacado,2.34785
Desaprueba,presencia,2.34524
Desaprueba,metas,2.34326
Desaprueba,gano,2.34286
Desaprueba,apoyar,2.34106
Desaprueba,giratoria,2.34099
Desaprueba,llevamos,2.34083
Desaprueba,comunicar,2.33958
Desaprueba,solucionarlos,2.33871
Desaprueba,pagados,2.33373
Desaprueba,buscando,2.3277
Desaprueba,profesional,2.32613
Desaprueba,comun,2.31837
Desaprueba,hechos,2.31566
Desaprueba,retroceso,2.31342
Desaprueba,calle,2.30502
Desaprueba,valorica,2.29573
Desaprueba,culpa,2.29505
Desaprueba,teniamos,2.28924
Desaprueba,tratando,2.28645
Desaprueba,subsidios,2.28307
Desaprueba,seria,2.28206
Desaprueba,aumentar,2.27305
Desaprueba,votar,2.26786
Desaprueba,hijos,2.26734
Desaprueba,pensionado,2.26734
Desaprueba,altas,2.26345
Desaprueba,conveniencia,2.25984
Desaprueba,solución,2.25671
Desaprueba,puntos,2.25643
Desaprueba,adultos,2.25213
Desaprueba,llegan,2.25117
Desaprueba,profesionales,2.24875
Desaprueba,refiere,2.23925
Desaprueba,luz,2.2281
Desaprueba,bienestar,2.22715
Desaprueba,suponia,2.21927
Desaprueba,ofrece,2.21846
Desaprueba,acto,2.21183
Desaprueba,pucha,2.21116
Desaprueba,legislacion,2.21056
Desaprueba,ganan,2.21014
Desaprueba,hartas,2.2081
Desaprueba,carreras,2.20757
Desaprueba,principio,2.20346
Desaprueba,fiscalizacion,2.19817
Desaprueba,regiones,2.1981
Desaprueba,facilidades,2.19726
Desaprueba,comienzo,2.19371
Desaprueba,quitando,2.18929
Desaprueba,tapar,2.18882
Desaprueba,acciones,2.18654
Desaprueba,beca,2.17737
Desaprueba,desorden,2.16445
Desaprueba,favoritismo,2.15517
Desaprueba,universidad,2.15372
Desaprueba,antecedentes,2.1431
Desaprueba,estrato,2.13477
Desaprueba,ciudadana,2.12693
Desaprueba,salio,2.12474
Desaprueba,hospitales,2.12123
Desaprueba,payaso,2.12092
Desaprueba,vivimos,2.11896
Desaprueba,servicios,2.1184
Desaprueba,billete,2.11546
Desaprueba,grupo,2.1087
Desaprueba,monton,2.1058
Desaprueba,300,2.10455
Desaprueba,partio,2.1
Desaprueba,redes,2.09929
Desaprueba,escuchando,2.09811
Desaprueba,paso,2.09727
Desaprueba,ventas,2.09634
Desaprueba,obra,2.09585
Desaprueba,deberian,2.08944
Desaprueba,caras,2.0874
Desaprueba,rural,2.08391
Desaprueba,frente,2.07681
Desaprueba,partidaria,2.06797
Desaprueba,logrado,2.06609
Desaprueba,pequeños,2.06595
Desaprueba,lanzar,2.06571
Desaprueba,cara,2.06082
Desaprueba,sectores,2.05521
Desaprueba,basa,2.05236
Desaprueba,qu,2.04973
Desaprueba,ofrecido,2.03503
Desaprueba,darle,2.03412
Desaprueba,inversiones,2.03161
Desaprueba,desacuerdo,2.02554
Desaprueba,nacional,2.02309
Desaprueba,dejo,2.02191
Desaprueba,valorico,2.02106
Desaprueba,derechas,2.01822
Desaprueba,detienen,2.01822
Desaprueba,quedan,2.01822
Desaprueba,quitas,2.01822
Desaprueba,sueltos,2.01822
Desaprueba,subsidio,2.01699
Desaprueba,allende,2.01372
Desaprueba,elegidos,2.01303
Desaprueba,encuentran,2.012
Desaprueba,decirlo,2.01
Desaprueba,coalision,2.00244
Desaprueba,llevan,2.00107
Desaprueba,mente,1.9993
Desaprueba,continuacion,1.9951
Desaprueba,etica,1.99344
Desaprueba,consecuencia,1.988
Desaprueba,eeuu,1.988
Desaprueba,latinoamerica,1.988
Desaprueba,udi,1.98785
Desaprueba,re,1.98612
Desaprueba,vino,1.9825
Desaprueba,porcentaje,1.98118
Desaprueba,enfoque,1.97766
Desaprueba,termine,1.97695
Desaprueba,quedamos,1.97638
Desaprueba,liviano,1.97346
Desaprueba,entrada,1.957
Desaprueba,permite,1.957
Desaprueba,distribucion,1.95235
Desaprueba,falsas,1.94892
Desaprueba,cometido,1.94512
Desaprueba,termino,1.93595
Desaprueba,iniciativa,1.93029
Desaprueba,10,1.92835
Desaprueba,botaron,1.92835
Desaprueba,homosexuales,1.92835
Desaprueba,deja,1.9281
Desaprueba,favorecer,1.92311
Desaprueba,quitaron,1.92177
Desaprueba,oposicion,1.92047
Desaprueba,crisis,1.9089
Desaprueba,terrorista,1.89745
Desaprueba,piensan,1.89584
Desaprueba,contraria,1.8941
Desaprueba,sustancia,1.89373
Desaprueba,relaciones,1.89254
Desaprueba,entiendo,1.89013
Desaprueba,adultas,1.87838
Desaprueba,arriendo,1.87838
Desaprueba,disminuidos,1.87838
Desaprueba,eligir,1.87838
Desaprueba,obligan,1.87838
Desaprueba,tele,1.87838
Desaprueba,tendriamos,1.87838
Desaprueba,implementar,1.87652
Desaprueba,tasa,1.86382
Desaprueba,casos,1.85853
Desaprueba,cuestion,1.84522
Desaprueba,cercano,1.84103
Desaprueba,comuna,1.83771
Desaprueba,indigena,1.83337
Desaprueba,implementando,1.83286
Desaprueba,declaraciones,1.83257
Desaprueba,salido,1.82847
Desaprueba,situaciones,1.82805
Desaprueba,obviamente,1.82023
Desaprueba,norte,1.81982
Desaprueba,acuerda,1.81711
Desaprueba,discriminacion,1.81711
Desaprueba,funcionar,1.81711
Desaprueba,legales,1.81711
Desaprueba,respetado,1.81711
Desaprueba,labor,1.81639
Desaprueba,lecturas,1.81639
Desaprueba,segundas,1.81639
Desaprueba,lentitud,1.81615
Desaprueba,especialmente,1.80901
Desaprueba,demoraron,1.80745
Desaprueba,siglo,1.80745
Desaprueba,pequeña,1.80377
Desaprueba,distintas,1.80122
Desaprueba,bonos,1.80075
Desaprueba,bajas,1.79274
Desaprueba,promulgacion,1.78893
Desaprueba,equivoco,1.78022
Desaprueba,desaprueba,1.77856
Desaprueba,ámbito,1.77515
Desaprueba,burla,1.77372
Desaprueba,facebook,1.77372
Desaprueba,hablaba,1.77372
Desaprueba,podria,1.77372
Desaprueba,recien,1.77372
Desaprueba,reportaje,1.77372
Desaprueba,vi,1.77372
Desaprueba,inconcecuente,1.77301
Desaprueba,partidos,1.77247
Desaprueba,11,1.76826
Desaprueba,alguien,1.76826
Desaprueba,septiembre,1.76826
Desaprueba,unidad,1.76826
Desaprueba,dejado,1.76724
Desaprueba,120,1.76442
Desaprueba,hobrero,1.76442
Desaprueba,ideales,1.76134
Desaprueba,distinto,1.75644
Desaprueba,diferencia,1.75475
Desaprueba,matrimonio,1.75415
Desaprueba,deuda,1.75238
Desaprueba,quiero,1.75076
Desaprueba,ideología,1.74795
Desaprueba,abansando,1.7466
Desaprueba,medicos,1.7466
Desaprueba,completamente,1.74442
Desaprueba,básicamente,1.7421
Desaprueba,propuso,1.74043
Desaprueba,niun,1.73748
Desaprueba,yoescuchado,1.73748
Desaprueba,asegurar,1.7324
Desaprueba,desatino,1.7324
Desaprueba,quieren,1.72734
Desaprueba,corresponde,1.72542
Desaprueba,color,1.72182
Desaprueba,sinverguenza,1.71941
Desaprueba,pertenezcvo,1.71727
Desaprueba,presentando,1.71727
Desaprueba,socil,1.71727
Desaprueba,areas,1.71531
Desaprueba,favorable,1.71318
Desaprueba,medias,1.70596
Desaprueba,personales,1.704
Desaprueba,vas,1.70216
Desaprueba,adecuada,1.69621
Desaprueba,impunidad,1.69293
Desaprueba,instituciones,1.69275
Desaprueba,manejar,1.68933
Desaprueba,partidario,1.68764
Desaprueba,aguas,1.68352
Desaprueba,boca,1.67683
Desaprueba,ayudan,1.67536
Desaprueba,desmpleo,1.67143
Desaprueba,solucionada,1.67143
Desaprueba,aire,1.66924
Desaprueba,población,1.66924
Desaprueba,serio,1.66612
Desaprueba,mantenido,1.66135
Desaprueba,neoliberal,1.65152
Desaprueba,distinta,1.64932
Desaprueba,done,1.63774
Desaprueba,enrejado,1.63774
Desaprueba,ponerlos,1.63774
Desaprueba,generalmente,1.63448
Desaprueba,diputados,1.63311
Desaprueba,senadores,1.63311
Desaprueba,canasta,1.62989
Desaprueba,camino,1.6269
Desaprueba,podido,1.6242
Desaprueba,madre,1.61993
Desaprueba,pone,1.61904
Desaprueba,protestas,1.61662
Desaprueba,dirige,1.61574
Desaprueba,demora,1.61445
Desaprueba,suelo,1.61427
Desaprueba,honrados,1.61399
Desaprueba,nson,1.61399
Desaprueba,reyes,1.61399
Desaprueba,tierra,1.61399
Desaprueba,discursos,1.61352
Desaprueba,planes,1.60948
Desaprueba,ultima,1.60927
Desaprueba,humano,1.60689
Desaprueba,almacenes,1.6046
Desaprueba,chicos,1.6046
Desaprueba,hundan,1.6046
Desaprueba,hundiendo,1.6046
Desaprueba,obligando,1.6046
Desaprueba,olvidados,1.6046
Desaprueba,relevancia,1.6046
Desaprueba,sostenedora,1.6046
Desaprueba,coin,1.60245
Desaprueba,mamá,1.60245
Desaprueba,título,1.60245
Desaprueba,sacando,1.60243
Desaprueba,privilegiada,1.5988
Desaprueba,35,1.59854
Desaprueba,bacantes,1.59854
Desaprueba,concreta,1.59854
Desaprueba,desicion,1.59854
Desaprueba,firma,1.59854
Desaprueba,serrada,1.59854
Desaprueba,subdirectores,1.59854
Desaprueba,formas,1.5965
Desaprueba,normativa,1.59409
Desaprueba,comunicacion,1.59041
Desaprueba,riquezas,1.5904
Desaprueba,comercial,1.58849
Desaprueba,carrera,1.58568
Desaprueba,presentado,1.58546
Desaprueba,elecciones,1.58478
Desaprueba,llegado,1.58244
Desaprueba,memoria,1.57863
Desaprueba,complicada,1.57732
Desaprueba,región,1.57646
Desaprueba,dirigir,1.57484
Desaprueba,salir,1.57198
Desaprueba,entro,1.5691
Desaprueba,invierno,1.5691
Desaprueba,quito,1.5691
Desaprueba,tiro,1.5691
Desaprueba,malos,1.55896
Desaprueba,desaprobarlo,1.55546
Desaprueba,explico,1.55546
Desaprueba,sufrago,1.55546
Desaprueba,50,1.55301
Desaprueba,8000,1.55301
Desaprueba,antiguedad,1.55301
Desaprueba,casado,1.55301
Desaprueba,concretan,1.55301
Desaprueba,cortan,1.55301
Desaprueba,cumpli,1.55301
Desaprueba,dirigente,1.55301
Desaprueba,empezaron,1.55301
Desaprueba,esposa,1.55301
Desaprueba,fantasía,1.55301
Desaprueba,miseria,1.55301
Desaprueba,pagaron,1.55301
Desaprueba,perdiendo,1.55301
Desaprueba,proteccion,1.55301
Desaprueba,pudimos,1.55301
Desaprueba,razón,1.55301
Desaprueba,recibir,1.55301
Desaprueba,regia,1.55301
Desaprueba,vulnerables,1.55301
Desaprueba,talca,1.55021
Desaprueba,géneros,1.54592
Desaprueba,valdivia,1.54455
Desaprueba,bajamos,1.54389
Desaprueba,taza,1.54389
Desaprueba,150,1.53578
Desaprueba,doy,1.53578
Desaprueba,ùltimos,1.53578
Desaprueba,aprovechamientos,1.53502
Desaprueba,constitucional,1.53502
Desaprueba,elbulling,1.53502
Desaprueba,empezar,1.53502
Desaprueba,incuso,1.53502
Desaprueba,modificar,1.53502
Desaprueba,servicio,1.53502
Desaprueba,disminuyendo,1.53402
Desaprueba,cesfam,1.5336
Desaprueba,medica,1.5336
Desaprueba,estadista,1.53318
Desaprueba,pesimo,1.52792
Desaprueba,brecha,1.52049
Desaprueba,200.000,1.5194
Desaprueba,alimentos,1.5194
Desaprueba,nadien,1.5194
Desaprueba,verdaderamente,1.5194
Desaprueba,viven,1.5194
Desaprueba,actuar,1.51442
Desaprueba,concon,1.50978
Desaprueba,despido,1.5097
Desaprueba,extrema,1.5092
Desaprueba,horribles,1.5092
Desaprueba,dueños,1.50898
Desaprueba,argentina,1.50847
Desaprueba,amentas,1.50802
Desaprueba,escolares,1.50802
Desaprueba,administratacion,1.50415
Desaprueba,ala,1.50415
Desaprueba,ancianos,1.50415
Desaprueba,dabeneficio,1.50415
Desaprueba,evidente,1.50415
Desaprueba,expulsion,1.50415
Desaprueba,hablaron,1.50415
Desaprueba,infancia,1.50415
Desaprueba,inmediata,1.50415
Desaprueba,privadas,1.50415
Desaprueba,terminado,1.50415
Desaprueba,humanidad,1.48843
Desaprueba,mejorado,1.48541
Desaprueba,anexo,1.4839
Desaprueba,contratan,1.4839
Desaprueba,contrato,1.4839
Desaprueba,rabia,1.4839
Desaprueba,superior,1.47598
Desaprueba,mencionaba,1.47537
Desaprueba,afo,1.46988
Desaprueba,comprometyiop,1.46988
Desaprueba,desastroza,1.46845
Desaprueba,directores,1.46845
Desaprueba,formulado,1.46845
Desaprueba,iniciativas,1.46845
Desaprueba,nombrado,1.46845
Desaprueba,entrega,1.46464
Desaprueba,peru,1.46464
Desaprueba,tecnicismo,1.46464
Desaprueba,tiran,1.46464
Desaprueba,cabify,1.4626
Desaprueba,uber,1.4626
Desaprueba,ambitos,1.45821
Desaprueba,tirn,1.45821
Desaprueba,tomadas,1.45821
Desaprueba,centrado,1.4505
Desaprueba,bajado,1.44395
Desaprueba,corruptos,1.43935
Desaprueba,esconder,1.43935
Desaprueba,genera,1.43935
Desaprueba,represion,1.43935
Desaprueba,segmentada,1.43935
Desaprueba,sur,1.43935
Desaprueba,aporta,1.43882
Desaprueba,concimiento,1.43882
Desaprueba,considerable,1.43882
Desaprueba,elevado,1.43882
Desaprueba,menejando,1.43882
Desaprueba,pàra,1.43882
Desaprueba,popularmente,1.43882
Desaprueba,queesta,1.43882
Desaprueba,seriamente,1.43882
Desaprueba,sorprendente,1.43882
Desaprueba,talla,1.43882
Desaprueba,tinca,1.43882
Desaprueba,urgentes,1.43882
Desaprueba,vendiendo,1.43882
Desaprueba,escuelas,1.43689
Desaprueba,manifiestan,1.43689
Desaprueba,noi,1.43689
Desaprueba,violencia,1.43689
Desaprueba,chileno,1.43341
Desaprueba,demostrado,1.43003
Desaprueba,inyeccion,1.42952
Desaprueba,ponga,1.42952
Desaprueba,futuro,1.42889
Desaprueba,tomando,1.42545
Desaprueba,decepciona,1.42209
Desaprueba,consumo,1.41812
Desaprueba,involucrados,1.41812
Desaprueba,mediatico,1.41812
Desaprueba,miembros,1.41812
Desaprueba,mientra,1.41812
Desaprueba,prohibicion,1.41812
Desaprueba,gasta,1.41697
Desaprueba,llama,1.41658
Desaprueba,simpatizado,1.41562
Desaprueba,ayudadando,1.4129
Desaprueba,casta,1.4129
Desaprueba,polìticos,1.4129
Desaprueba,efectividad,1.40832
Desaprueba,peticiones,1.40832
Desaprueba,relleno,1.40832
Desaprueba,requerimientos,1.40832
Desaprueba,salarial,1.40832
Desaprueba,emperando,1.4058
Desaprueba,materi,1.4058
Desaprueba,profundos,1.4058
Desaprueba,enfocarse,1.40166
Desaprueba,fallado,1.40166
Desaprueba,google,1.40166
Desaprueba,par,1.40166
Desaprueba,sondea,1.40166
Desaprueba,fizcalisacion,1.40101
Desaprueba,hacerse,1.40101
Desaprueba,obligaran,1.40101
Desaprueba,responsable,1.40101
Desaprueba,toamndo,1.40101
Desaprueba,ue,1.40027
Desaprueba,clara,1.3987
Desaprueba,demedro,1.39802
Desaprueba,desampara,1.39802
Desaprueba,prr,1.39802
Desaprueba,puchuncabi,1.39802
Desaprueba,vetana,1.39802
Desaprueba,cartera,1.39766
Desaprueba,pro,1.39766
Desaprueba,accesible,1.39709
Desaprueba,capiltalistas,1.39709
Desaprueba,asiendo,1.39179
Desaprueba,corremos,1.39179
Desaprueba,desempeña,1.39179
Desaprueba,entrando,1.39179
Desaprueba,riesgo,1.39179
Desaprueba,tiende,1.39179
Desaprueba,universidades,1.39179
Desaprueba,compromisos,1.3916
Desaprueba,ejecutar,1.3916
Desaprueba,asuntos,1.3887
Desaprueba,líder,1.3887
Desaprueba,presidenta,1.3848
Desaprueba,dejar,1.38107
Desaprueba,negando,1.38107
Desaprueba,2019,1.37773
Desaprueba,aumentarle,1.37773
Desaprueba,minimiza,1.37773
Desaprueba,masivos,1.37702
Desaprueba,harian,1.37273
Desaprueba,nombres,1.36156
Desaprueba,cariño,1.3561
Desaprueba,gana,1.3561
Desaprueba,centro,1.34202
Desaprueba,centraliza,1.3419
Desaprueba,lados,1.3419
Desaprueba,ocurren,1.3419
Desaprueba,aprovado,1.33883
Desaprueba,civil,1.33883
Desaprueba,gstion,1.33883
Desaprueba,union,1.33883
Desaprueba,arta,1.33726
Desaprueba,comunal,1.33726
Desaprueba,encuientro,1.33726
Desaprueba,financiamiento,1.33726
Desaprueba,hacienda,1.33726
Desaprueba,hiso,1.33726
Desaprueba,tampoc,1.33726
Desaprueba,valores,1.33726
Desaprueba,cumplie,1.33655
Desaprueba,peometido,1.33655
Desaprueba,incomodida,1.33507
Desaprueba,angente,1.33427
Desaprueba,dituativo,1.33427
Desaprueba,paralizados,1.33427
Desaprueba,prolijidad,1.33427
Desaprueba,quta,1.33427
Desaprueba,arregle,1.33397
Desaprueba,asaltas,1.33397
Desaprueba,cuidadania,1.33397
Desaprueba,cuidadano,1.33397
Desaprueba,gallina,1.33397
Desaprueba,robas,1.33397
Desaprueba,tranquila,1.33397
Desaprueba,auracania,1.33119
Desaprueba,aprovando,1.32979
Desaprueba,conforme,1.3277
Desaprueba,enrealidad,1.3277
Desaprueba,claros,1.32709
Desaprueba,limite,1.32709
Desaprueba,presiones,1.32684
Desaprueba,programatica,1.32684
Desaprueba,bolsas,1.32273
Desaprueba,eliminaciòn,1.32273
Desaprueba,empezamos,1.32273
Desaprueba,gustaria,1.32273
Desaprueba,opcion,1.32273
Desaprueba,simpre,1.32273
Desaprueba,codigo,1.31959
Desaprueba,especifico,1.31959
Desaprueba,ingresen,1.31959
Desaprueba,pasan,1.31959
Desaprueba,profesion,1.31959
Desaprueba,relidad,1.31959
Desaprueba,sanitario,1.31959
Desaprueba,tent,1.31959
Desaprueba,cosas,1.31789
Desaprueba,desaga,1.31789
Desaprueba,suserora,1.31789
Desaprueba,proceso,1.31409
Desaprueba,competir,1.3135
Desaprueba,epagar,1.3135
Desaprueba,interesado,1.3135
Desaprueba,pongan,1.3135
Desaprueba,pymes,1.3135
Desaprueba,alas,1.31207
Desaprueba,cortando,1.31207
Desaprueba,asaltados,1.31149
Desaprueba,circo,1.31149
Desaprueba,equivocacion,1.31149
Desaprueba,incluyendo,1.31149
Desaprueba,nefasta,1.31149
Desaprueba,pan,1.31149
Desaprueba,pèsimo,1.31149
Desaprueba,reaccion,1.31149
Desaprueba,romano,1.31149
Desaprueba,sacandole,1.31149
Desaprueba,sobredemanda,1.31149
Desaprueba,vecinos,1.31149
Desaprueba,reduccion,1.30712
Desaprueba,allegados,1.3064
Desaprueba,asegura,1.3064
Desaprueba,atenciòn,1.3064
Desaprueba,bajar,1.3064
Desaprueba,bota,1.3064
Desaprueba,caros,1.3064
Desaprueba,chico,1.3064
Desaprueba,comer,1.3064
Desaprueba,cuestan,1.3064
Desaprueba,lucas,1.3064
Desaprueba,ocupan,1.3064
Desaprueba,orden,1.3064
Desaprueba,pùblico,1.3064
Desaprueba,rico,1.3064
Desaprueba,surge,1.3064
Desaprueba,venir,1.3064
Desaprueba,machacando,1.30049
Desaprueba,seguirlos,1.30049
Desaprueba,charlas,1.299
Desaprueba,chicas,1.299
Desaprueba,ejercer,1.299
Desaprueba,enviadas,1.299
Desaprueba,problematica,1.299
Desaprueba,reajuste,1.299
Desaprueba,reuniones,1.299
Desaprueba,ultimas,1.299
Desaprueba,beneficiaria,1.2851
Desaprueba,motivo,1.27849
Desaprueba,disminuir,1.27364
Desaprueba,desaparecer,1.26759
Desaprueba,manufactura,1.26759
Desaprueba,asesores,1.26278
Desaprueba,mandos,1.26278
Desaprueba,flecos,1.2567
Desaprueba,pa,1.2567
Desaprueba,critico,1.251
Desaprueba,ene,1.251
Desaprueba,locomocion,1.251
Desaprueba,debida,1.2361
Desaprueba,impresion,1.2361
Desaprueba,informaciones,1.2361
Desaprueba,masm,1.2354
Desaprueba,solicitudes,1.2354
Desaprueba,viejos,1.23213
Desaprueba,auto,1.22872
Desaprueba,caida,1.22872
Desaprueba,comprar,1.22872
Desaprueba,ipc,1.22872
Desaprueba,restricciones,1.22872
Desaprueba,riesgos,1.22872
Desaprueba,subida,1.22872
Desaprueba,roba,1.2284
Desaprueba,350.000,1.2212
Desaprueba,abiertas,1.2212
Desaprueba,alhue,1.2212
Desaprueba,explicando,1.2212
Desaprueba,fuente,1.2212
Desaprueba,ganen,1.2212
Desaprueba,gusto,1.2212
Desaprueba,inero,1.2212
Desaprueba,medico,1.2212
Desaprueba,meto,1.2212
Desaprueba,molestado,1.2212
Desaprueba,on,1.2212
Desaprueba,opiniones,1.2212
Desaprueba,porue,1.2212
Desaprueba,puertas,1.2212
Desaprueba,recivben,1.2212
Desaprueba,resultado,1.2212
Desaprueba,rrevien,1.2212
Desaprueba,subieron,1.2212
Desaprueba,meterse,1.21835
Desaprueba,metiendo,1.21835
Desaprueba,conflictyos,1.21432
Desaprueba,agregar,1.2141
Desaprueba,decicible,1.2141
Desaprueba,favorecido,1.2141
Desaprueba,insconstante,1.2141
Desaprueba,ipoquitativo,1.2141
Desaprueba,matre,1.2141
Desaprueba,secuente,1.2141
Desaprueba,venga,1.2141
Desaprueba,ma,1.20341
Desaprueba,repunta,1.1999
Desaprueba,casen,1.19853
Desaprueba,hombres,1.19853
Desaprueba,sno,1.19853
Desaprueba,gracia,1.19337
Desaprueba,quisiero,1.19337
Desaprueba,señora,1.19337
Desaprueba,èl,1.18826
Desaprueba,inclinaria,1.18826
Desaprueba,conocimiento,1.18752
Desaprueba,generar,1.18752
Desaprueba,lagunos,1.18752
Desaprueba,raja,1.18752
Desaprueba,insiste,1.1857
Desaprueba,menciona,1.1857
Desaprueba,capaz,1.17884
Desaprueba,division,1.17884
Desaprueba,larga,1.17884
Desaprueba,medida,1.17884
Desaprueba,todabia,1.17884
Desaprueba,atràs,1.1786
Desaprueba,bolsillos,1.1786
Desaprueba,llenandole,1.1786
Desaprueba,detendria,1.17434
Desaprueba,disparidad,1.17434
Desaprueba,trayectos,1.17434
Desaprueba,autoritario,1.1715
Desaprueba,equivocaciones,1.1644
Desaprueba,sinverguenzas,1.1585
Desaprueba,asesoramiento,1.1575
Desaprueba,construccion,1.1575
Desaprueba,desacreditas,1.1575
Desaprueba,estricto,1.1575
Desaprueba,existido,1.1575
Desaprueba,favoreciendo,1.1575
Desaprueba,feriados,1.1575
Desaprueba,implementado,1.1575
Desaprueba,item,1.1575
Desaprueba,libertades,1.1575
Desaprueba,obreros,1.1575
Desaprueba,ocultamiento,1.1575
Desaprueba,público,1.1575
Desaprueba,quisas,1.1575
Desaprueba,tome,1.1575
Desaprueba,transporte,1.1575
Desaprueba,vacaciones,1.1575
Desaprueba,estudio,1.1573
Desaprueba,poe,1.1573
Desaprueba,trbajo,1.1573
Desaprueba,14,1.15224
Desaprueba,disconforme,1.15224
Desaprueba,menores,1.15224
Desaprueba,ayudando,1.14336
Desaprueba,ayude,1.14336
Desaprueba,chiele,1.14336
Desaprueba,aprobaron,1.1431
Desaprueba,clasificacion,1.1431
Desaprueba,incumplida,1.1431
Desaprueba,legislativos,1.1431
Desaprueba,limites,1.1431
Desaprueba,precsoiines,1.1431
Desaprueba,procesos,1.1431
Desaprueba,realizaron,1.1431
Desaprueba,respalden,1.1431
Desaprueba,serios,1.1431
Desaprueba,sonando,1.1431
Desaprueba,stres,1.1431
Desaprueba,tiranioa,1.1431
Desaprueba,trasparencia,1.1431
Desaprueba,actos,1.14092
Desaprueba,causales,1.14092
Desaprueba,distrubucion,1.14092
Desaprueba,incoerencia,1.14092
Desaprueba,na,1.14092
Desaprueba,nuna,1.14092
Desaprueba,prinicipalmente,1.14092
Desaprueba,privatuizacion,1.14092
Desaprueba,rechazar,1.14092
Desaprueba,rechazo,1.14092
Desaprueba,resolviendo,1.14092
Desaprueba,dirigido,1.136
Desaprueba,rige,1.136
Desaprueba,124,1.13367
Desaprueba,actuales,1.13367
Desaprueba,alimenticia,1.13367
Desaprueba,decirle,1.13367
Desaprueba,estoyviviendo,1.13367
Desaprueba,estudiando,1.13367
Desaprueba,laque,1.13367
Desaprueba,pendiente,1.13367
Desaprueba,postularon,1.13367
Desaprueba,recibo,1.13367
Desaprueba,sabria,1.13367
Desaprueba,separado,1.13367
Desaprueba,situcaion,1.13367
Desaprueba,situcion,1.13367
Desaprueba,comunes,1.1294
Desaprueba,reparticiones,1.1294
Desaprueba,vienes,1.1294
Desaprueba,busca,1.1289
Desaprueba,consenso,1.1289
Desaprueba,encuestas,1.1289
Desaprueba,guia,1.1289
Desaprueba,intervienen,1.1289
Desaprueba,policias,1.1289
Desaprueba,tributarialaidea,1.1289
Desaprueba,capaces,1.12636
Desaprueba,comprometidas,1.12636
Desaprueba,inconsistencia,1.12636
Desaprueba,creimos,1.1218
Desaprueba,slo,1.1218
Desaprueba,abuelos,1.11561
Desaprueba,flojos,1.11561
Desaprueba,quisieron,1.11561
Desaprueba,quitan,1.11561
Desaprueba,tanta,1.11561
Desaprueba,guardadose,1.1147
Desaprueba,honestidad,1.1147
Desaprueba,opcicion,1.1147
Desaprueba,proxima,1.1147
Desaprueba,soltura,1.1147
Desaprueba,blanda,1.11094
Desaprueba,esquivando,1.11094
Desaprueba,quedar,1.11094
Desaprueba,ramas,1.11094
Desaprueba,explotando,1.10826
Desaprueba,basica,1.1076
Desaprueba,legilascion,1.1076
Desaprueba,presupuestos,1.1076
Desaprueba,recortes,1.1076
Desaprueba,candem,1.10578
Desaprueba,funcionando,1.10578
Desaprueba,oportunista,1.10578
Desaprueba,resuelto,1.10578
Desaprueba,rreglar,1.10578
Desaprueba,enfocadas,1.09944
Desaprueba,enfocado,1.09944
Desaprueba,junaeb,1.09944
Desaprueba,junji,1.09944
Desaprueba,organismos,1.09944
Desaprueba,quite,1.09944
Desaprueba,velar,1.09944
Desaprueba,debatiendo,1.0934
Desaprueba,policito,1.0934
Desaprueba,semanas,1.0934
Desaprueba,significa,1.0934
Desaprueba,censantia,1.0897
Desaprueba,detiene,1.0897
Desaprueba,aprobo,1.08691
Desaprueba,boto,1.08679
Desaprueba,conduciendo,1.08653
Desaprueba,formado,1.08653
Desaprueba,den,1.08586
Desaprueba,esperar,1.08586
Desaprueba,médicos,1.08586
Desaprueba,pudientes,1.08586
Desaprueba,recién,1.08586
Desaprueba,yendose,1.08586
Desaprueba,recuerdo,1.0818
Desaprueba,aspectos,1.08035
Desaprueba,conflictio,1.08035
Desaprueba,io,1.08035
Desaprueba,militirizacion,1.08035
Desaprueba,retroseso,1.08035
Desaprueba,ingresos,1.07414
Desaprueba,colores,1.0721
Desaprueba,comiendo,1.0721
Desaprueba,desaprobacion,1.0721
Desaprueba,viviento,1.0721
Desaprueba,interese,1.07093
Desaprueba,pretexto,1.07093
Desaprueba,reclama,1.07093
Desaprueba,apyo,1.06769
Desaprueba,cuidado,1.06769
Desaprueba,liberales,1.06758
Desaprueba,neo,1.06758
Desaprueba,participo,1.06758
Desaprueba,tuienen,1.06758
Desaprueba,202,1.065
Desaprueba,construyendo,1.065
Desaprueba,desarmando,1.065
Desaprueba,estmamos,1.065
Desaprueba,intelectual,1.065
Desaprueba,nubes,1.065
Desaprueba,posiciones,1.065
Desaprueba,suldos,1.065
Desaprueba,basura,1.06267
Desaprueba,costado,1.0604
Desaprueba,encontrar,1.0604
Desaprueba,acogida,1.05773
Desaprueba,dedicado,1.05773
Desaprueba,derechizado,1.05773
Desaprueba,empresrios,1.05773
Desaprueba,ocurre,1.05773
Desaprueba,puro,1.05773
Desaprueba,sepamos,1.05773
Desaprueba,sueldo.cumplir,1.05773
Desaprueba,acotcion,1.0508
Desaprueba,mpor,1.0508
Desaprueba,tine,1.0508
Desaprueba,aburrida,1.05048
Desaprueba,voten,1.05048
Desaprueba,desmedidas,1.04974
Desaprueba,espectativas,1.04974
Desaprueba,comnntrario,1.04948
Desaprueba,hablado,1.04948
Desaprueba,porquue,1.04948
Desaprueba,provincia,1.04948
Desaprueba,descalificacion,1.04535
Desaprueba,alcanzar,1.0437
Desaprueba,allegada,1.0437
Desaprueba,apelativos,1.0437
Desaprueba,apellido,1.0437
Desaprueba,aplicacion,1.0437
Desaprueba,coordinacion,1.0437
Desaprueba,difusa,1.0437
Desaprueba,edcucacion,1.0437
Desaprueba,erratico,1.0437
Desaprueba,falencias,1.0437
Desaprueba,harto,1.0437
Desaprueba,hija,1.0437
Desaprueba,instituto,1.0437
Desaprueba,laugar,1.0437
Desaprueba,objetivos,1.0437
Desaprueba,personalmente,1.0437
Desaprueba,perspectiva,1.0437
Desaprueba,postulacion,1.0437
Desaprueba,profesionalismo,1.0437
Desaprueba,realiza,1.0437
Desaprueba,regresiva,1.0437
Desaprueba,sapatras,1.0437
Desaprueba,señor,1.0437
Desaprueba,tramitan,1.0437
Desaprueba,ddhh,1.04199
Desaprueba,inconsecuencia,1.04199
Desaprueba,violadores,1.04199
Desaprueba,asesorado,1.03604
Desaprueba,indultos,1.03604
Desaprueba,blabla,1.03481
Desaprueba,debilidad,1.03481
Desaprueba,ase,1.03006
Desaprueba,marcha,1.03006
Desaprueba,preparado,1.03006
Desaprueba,propbando,1.03006
Desaprueba,absolutamente,1.02747
Desaprueba,derrepente,1.02747
Desaprueba,locas,1.02747
Desaprueba,refleja,1.02747
Desaprueba,salidas,1.02747
Desaprueba,cdias,1.0224
Desaprueba,festivo,1.0224
Desaprueba,fiestas,1.0224
Desaprueba,patrias,1.0224
Desaprueba,documentos,1.02067
Desaprueba,rechasado,1.02067
Desaprueba,constanerepresion,1.02031
Desaprueba,originario,1.02031
Desaprueba,diseño,1.02005
Desaprueba,estudiaba,1.02005
Desaprueba,industrial,1.02005
Desaprueba,jamas,1.02005
Desaprueba,capitalistas,1.01462
Desaprueba,faena,1.01462
Desaprueba,exteriores,1.01432
Desaprueba,primeramente,1.0082
Desaprueba,reali.dad,1.0082
Desaprueba,sigan,1.0082
Desaprueba,surgiendo,1.0082
Desaprueba,vela,1.0082
Desaprueba,73,1.00686
Desaprueba,acompañan,1.00686
Desaprueba,cuadran,1.00686
Desaprueba,participaba,1.00686
Desaprueba,vivi,1.00686
Desaprueba,actuandomas,1.006
Desaprueba,contitucional,1.006
Desaprueba,creen,1.006
Desaprueba,dueño,1.006
Desaprueba,fijo,1.006
Desaprueba,grado,1.006
Desaprueba,gremio,1.006
Desaprueba,sacarlo,1.006
Desaprueba,to,1.006
Desaprueba,colr,1.00411
Desaprueba,gustaba,1.00411
Desaprueba,michrl,1.00411
Desaprueba,ato,1.0011
Desaprueba,ayudas,1.0011
Desaprueba,controlado,1.0011
Desaprueba,espera,1.0011
Desaprueba,puedan,1.0011
Desaprueba,america,0.994
Desaprueba,americano,0.994
Desaprueba,cercanas,0.994
Desaprueba,contexto,0.994
Desaprueba,continente,0.994
Desaprueba,egemonia,0.994
Desaprueba,estanmedidad,0.994
Desaprueba,existencia,0.994
Desaprueba,historia,0.994
Desaprueba,reafirmado,0.994
Desaprueba,resaltado,0.994
Desaprueba,utilizan,0.994
Desaprueba,comunicados,0.99361
Desaprueba,desafortunado,0.99361
Desaprueba,equipò,0.99361
Desaprueba,planeadas,0.99361
Desaprueba,llega,0.98894
Desaprueba,sinverguensura,0.98894
Desaprueba,funcionarios,0.98863
Desaprueba,piblicos,0.98863
Desaprueba,activar,0.98673
Desaprueba,judicial,0.98673
Desaprueba,requiere,0.98673
Desaprueba,secsantia,0.98673
Desaprueba,sietma,0.98673
Desaprueba,aoyo,0.98532
Desaprueba,constante,0.98532
Desaprueba,liderazgo,0.98532
Desaprueba,dandoa,0.98502
Desaprueba,defendiendo,0.9798
Desaprueba,victimas,0.9798
Desaprueba,viejitos,0.9798
Desaprueba,elha,0.96279
Desaprueba,acabar,0.96176
Desaprueba,bilz,0.96176
Desaprueba,burle,0.96176
Desaprueba,carita,0.96176
Desaprueba,comerciante,0.96176
Desaprueba,empatico,0.96176
Desaprueba,ganadas,0.96176
Desaprueba,impùersat,0.96176
Desaprueba,iva,0.96176
Desaprueba,jugando,0.96176
Desaprueba,muestra,0.96176
Desaprueba,pap,0.96176
Desaprueba,reliza,0.96176
Desaprueba,único,0.96176
Desaprueba,aregalar,0.96119
Desaprueba,econo0mico,0.95933
Desaprueba,incapacidad,0.95933
Desaprueba,incorrectas,0.95933
Desaprueba,prestar,0.95933
Desaprueba,tomas,0.95933
Desaprueba,abandero,0.9569
Desaprueba,aprieta,0.9569
Desaprueba,avarca,0.9569
Desaprueba,deve,0.9569
Desaprueba,diciendo,0.9569
Desaprueba,dimos,0.9569
Desaprueba,hable,0.9569
Desaprueba,involucrar,0.9569
Desaprueba,lamentablemente,0.9569
Desaprueba,peste,0.9569
Desaprueba,bolsillo,0.95608
Desaprueba,deshonesto,0.95608
Desaprueba,asesora,0.95432
Desaprueba,asesoran,0.95432
Desaprueba,mafre,0.95432
Desaprueba,papeles,0.95432
Desaprueba,piden,0.95432
Desaprueba,soltera,0.95432
Desaprueba,beneficiar,0.95145
Desaprueba,benificiara,0.95145
Desaprueba,aprobar,0.93988
Desaprueba,clse,0.93988
Desaprueba,pasadas,0.93988
Desaprueba,rebocaron,0.93988
Desaprueba,manifestaciones,0.93907
Desaprueba,acertadas,0.93826
Desaprueba,asido,0.93826
Desaprueba,capacidades,0.93826
Desaprueba,chascarros,0.93826
Desaprueba,compatible,0.93826
Desaprueba,conseguido,0.93826
Desaprueba,correcto,0.93826
Desaprueba,corregir,0.93826
Desaprueba,corrucion,0.93826
Desaprueba,defciente,0.93826
Desaprueba,desfachates,0.93826
Desaprueba,dirijir,0.93826
Desaprueba,estatuto,0.93826
Desaprueba,fonasa,0.93826
Desaprueba,función,0.93826
Desaprueba,haya,0.93826
Desaprueba,imformacion,0.93826
Desaprueba,inconcistencia,0.93826
Desaprueba,inconsistentes,0.93826
Desaprueba,instaurado,0.93826
Desaprueba,intencion,0.93826
Desaprueba,iria,0.93826
Desaprueba,isapre,0.93826
Desaprueba,mentirle,0.93826
Desaprueba,millonario,0.93826
Desaprueba,momen,0.93826
Desaprueba,opinio,0.93826
Desaprueba,respalda,0.93826
Desaprueba,toca,0.93826
Desaprueba,ulcultar,0.93826
Desaprueba,universitaria,0.93826
Desaprueba,vergonzosos,0.93826
Desaprueba,acomodando,0.9372
Desaprueba,carta,0.9372
Desaprueba,co,0.9372
Desaprueba,confiltos,0.9372
Desaprueba,conoce,0.9372
Desaprueba,cuico,0.9372
Desaprueba,deficiente,0.9372
Desaprueba,destinados,0.9372
Desaprueba,horrosa,0.9372
Desaprueba,incopetividad,0.9372
Desaprueba,legislativo,0.9372
Desaprueba,mercurio,0.9372
Desaprueba,militarizacion,0.9372
Desaprueba,negociar,0.9372
Desaprueba,policiales,0.9372
Desaprueba,presente,0.9372
Desaprueba,priorisa,0.9372
Desaprueba,privatizando,0.9372
Desaprueba,producido,0.9372
Desaprueba,sacó,0.9372
Desaprueba,tergiversacion,0.9372
Desaprueba,vuelva,0.9372
Desaprueba,habria,0.93202
Desaprueba,hgente,0.92733
Desaprueba,afecta,0.92556
Desaprueba,aparecen,0.92556
Desaprueba,cierren,0.92556
Desaprueba,dilatar,0.92556
Desaprueba,excusas,0.92556
Desaprueba,humana,0.92556
Desaprueba,juega,0.92556
Desaprueba,liderando,0.92556
Desaprueba,niveles,0.92556
Desaprueba,pillados,0.92556
Desaprueba,temen,0.92556
Desaprueba,ho,0.92442
Desaprueba,igualdad,0.92442
Desaprueba,aplicadas,0.923
Desaprueba,artesanal,0.923
Desaprueba,concejal,0.923
Desaprueba,gratis,0.923
Desaprueba,inclusivo,0.923
Desaprueba,mediatica,0.923
Desaprueba,ovbiamente,0.923
Desaprueba,pais.estudio,0.923
Desaprueba,pesca,0.923
Desaprueba,publicidad,0.923
Desaprueba,quehan,0.923
Desaprueba,sello,0.923
Desaprueba,vinculacion,0.923
Desaprueba,pequeñas,0.92235
Desaprueba,aginaldo,0.92015
Desaprueba,desposeidos,0.91798
Desaprueba,ehcan,0.91765
Desaprueba,lesara,0.91765
Desaprueba,nconsecuencia,0.91765
Desaprueba,pura,0.91765
Desaprueba,reverendas,0.91765
Desaprueba,rpimero,0.91765
Desaprueba,tratar,0.91765
Desaprueba,acà,0.91731
Desaprueba,atacama,0.91731
Desaprueba,aminorado,0.91572
Desaprueba,apoyan,0.91572
Desaprueba,apoyaron,0.91572
Desaprueba,basicas,0.91572
Desaprueba,coalicion,0.91572
Desaprueba,conformada,0.91572
Desaprueba,cuestiones,0.91572
Desaprueba,demotismo,0.91572
Desaprueba,ea,0.91572
Desaprueba,efectiva,0.91572
Desaprueba,estratos,0.91572
Desaprueba,firme,0.91572
Desaprueba,fuerte,0.91572
Desaprueba,ganancia,0.91572
Desaprueba,gorda,0.91572
Desaprueba,historial,0.91572
Desaprueba,lin,0.91572
Desaprueba,manifestado,0.91572
Desaprueba,manipulando,0.91572
Desaprueba,permanece,0.91572
Desaprueba,personalista,0.91572
Desaprueba,pidiendo,0.91572
Desaprueba,presentados,0.91572
Desaprueba,presidencialista,0.91572
Desaprueba,solucionando,0.91572
Desaprueba,vende,0.91572
Desaprueba,verlo,0.91572
Desaprueba,violaciones,0.91572
Desaprueba,descaradamente,0.91413
Desaprueba,mienten,0.91413
Desaprueba,agresion,0.9088
Desaprueba,apropiapan,0.9088
Desaprueba,basado,0.9088
Desaprueba,desendiendo,0.9088
Desaprueba,escuetamente,0.9088
Desaprueba,opciones,0.9088
Desaprueba,pata,0.9088
Desaprueba,terrenos,0.9088
Desaprueba,ceriedad,0.90872
Desaprueba,fata,0.90872
Desaprueba,ofrec,0.90872
Desaprueba,inculto,0.9017
Desaprueba,exclusivos,0.90101
Desaprueba,permitido,0.90013
Desaprueba,proque,0.90013
Desaprueba,robado,0.89945
Desaprueba,disminuido,0.898
Desaprueba,haciedo,0.898
Desaprueba,hasra,0.898
Desaprueba,superficiales,0.898
Desaprueba,sustanciales,0.898
Desaprueba,antiprogresistas,0.89723
Desaprueba,atractivo,0.89723
Desaprueba,chaqueta,0.89723
Desaprueba,conservadores,0.89723
Desaprueba,desestabilizacion,0.89723
Desaprueba,empezo,0.89723
Desaprueba,generando,0.89723
Desaprueba,internacional,0.89723
Desaprueba,oponerse,0.89723
Desaprueba,pedaleando,0.89723
Desaprueba,polarizacion,0.89723
Desaprueba,progresismo,0.89723
Desaprueba,progresistas,0.89723
Desaprueba,rencor,0.89723
Desaprueba,sumado,0.89723
Desaprueba,democracia,0.89647
Desaprueba,demodratico,0.89647
Desaprueba,emntidad,0.89647
Desaprueba,equidady,0.89647
Desaprueba,pooco,0.89647
Desaprueba,socialistas,0.89647
Desaprueba,trinca,0.89647
Desaprueba,5.000,0.8946
Desaprueba,claramente,0.8946
Desaprueba,inmuebles,0.8946
Desaprueba,parada,0.8946
Desaprueba,relacion,0.8946
Desaprueba,segmento,0.8946
Desaprueba,superiores,0.8946
Desaprueba,uf,0.8946
Desaprueba,primodial,0.89245
Desaprueba,urgente,0.89245
Desaprueba,contaminancion,0.8917
Desaprueba,dejarla,0.8917
Desaprueba,efecto,0.8917
Desaprueba,estanm,0.8917
Desaprueba,influencia,0.8917
Desaprueba,intentado,0.8917
Desaprueba,niolentados,0.8917
Desaprueba,ocuparse,0.8917
Desaprueba,preocupados,0.8917
Desaprueba,retrocediendo,0.8917
Desaprueba,trafico,0.8917
Desaprueba,asesinos,0.89102
Desaprueba,bote,0.89102
Desaprueba,dejando,0.89102
Desaprueba,dirigidos,0.89102
Desaprueba,enfocando,0.89102
Desaprueba,gigantesco,0.89102
Desaprueba,independientemente,0.89102
Desaprueba,indults,0.89102
Desaprueba,involucro,0.89102
Desaprueba,lesa,0.89102
Desaprueba,materia,0.89102
Desaprueba,otorgado,0.89102
Desaprueba,partida,0.89102
Desaprueba,privilegio,0.89102
Desaprueba,empresiara,0.89086
Desaprueba,trabaajor,0.89086
Desaprueba,haviendo,0.89085
Desaprueba,importando,0.89085
Desaprueba,asalto,0.88984
Desaprueba,conocen,0.88984
Desaprueba,critica,0.88984
Desaprueba,elite,0.88984
Desaprueba,rodeado,0.88984
Desaprueba,transparente,0.88984
Desaprueba,chilena,0.8875
Desaprueba,costa,0.8875
Desaprueba,iansa,0.8875
Desaprueba,privatizar,0.8875
Desaprueba,socioeconomicos,0.8875
Desaprueba,ademàs,0.88487
Desaprueba,cargando,0.88487
Desaprueba,comentario,0.88487
Desaprueba,exministro,0.88487
Desaprueba,museo,0.88487
Desaprueba,netrual,0.88487
Desaprueba,rrespecto,0.88487
Desaprueba,validado,0.88487
Desaprueba,afectados,0.88413
Desaprueba,amigo,0.88413
Desaprueba,balorica,0.88413
Desaprueba,callado,0.88413
Desaprueba,cercanos,0.88413
Desaprueba,choque,0.88413
Desaprueba,ciudadano,0.88413
Desaprueba,conomia,0.88413
Desaprueba,curruncion,0.88413
Desaprueba,dirigida,0.88413
Desaprueba,empresariales,0.88413
Desaprueba,escuchas,0.88413
Desaprueba,estadisticas,0.88413
Desaprueba,estafador,0.88413
Desaprueba,fiscales,0.88413
Desaprueba,hipocresia,0.88413
Desaprueba,inflar,0.88413
Desaprueba,invito,0.88413
Desaprueba,lan,0.88413
Desaprueba,obreras,0.88413
Desaprueba,paraisos,0.88413
Desaprueba,pareciera,0.88413
Desaprueba,paritido,0.88413
Desaprueba,pd,0.88413
Desaprueba,peleando,0.88413
Desaprueba,pertenece,0.88413
Desaprueba,pide,0.88413
Desaprueba,polticos,0.88413
Desaprueba,queno,0.88413
Desaprueba,satisfacer,0.88413
Desaprueba,simpatizo,0.88413
Desaprueba,telefonicas,0.88413
Desaprueba,vulgarmente,0.88413
Desaprueba,aprobado,0.87822
Desaprueba,basicamenete,0.87822
Desaprueba,benefici,0.87822
Desaprueba,camara,0.87822
Desaprueba,desaparecidos,0.87822
Desaprueba,designaciones,0.87822
Desaprueba,desmedro,0.87822
Desaprueba,discusión,0.87822
Desaprueba,estafados,0.87822
Desaprueba,humanitario,0.87822
Desaprueba,igualitario,0.87822
Desaprueba,inicio,0.87822
Desaprueba,inponiendo,0.87822
Desaprueba,integral,0.87822
Desaprueba,medidad,0.87822
Desaprueba,nuevamente,0.87822
Desaprueba,objecion,0.87822
Desaprueba,paralizado,0.87822
Desaprueba,perjudica,0.87822
Desaprueba,preorisa,0.87822
Desaprueba,promover,0.87822
Desaprueba,realista,0.87822
Desaprueba,relativo,0.87822
Desaprueba,veto,0.87822
Desaprueba,visión,0.87822
Desaprueba,visualiza,0.87822
Desaprueba,acocnomico,0.87593
Desaprueba,atienden,0.87593
Desaprueba,auditarismo,0.87593
Desaprueba,comentarios,0.87593
Desaprueba,concuerda,0.87593
Desaprueba,coronel,0.87593
Desaprueba,evaluaciones,0.87593
Desaprueba,finales,0.87593
Desaprueba,gabinetes,0.87593
Desaprueba,homosexual,0.87593
Desaprueba,inconcecuncia,0.87593
Desaprueba,jefes,0.87593
Desaprueba,metodo,0.87593
Desaprueba,participación,0.87593
Desaprueba,partiendo,0.87593
Desaprueba,prefesionalismo,0.87593
Desaprueba,privados,0.87593
Desaprueba,quitar,0.87593
Desaprueba,terrorismo,0.87593
Desaprueba,dialogo,0.87537
Desaprueba,arraigado,0.8733
Desaprueba,biendo,0.8733
Desaprueba,boletas,0.8733
Desaprueba,centra,0.8733
Desaprueba,colapsados,0.8733
Desaprueba,consultorios,0.8733
Desaprueba,creacion,0.8733
Desaprueba,devolver,0.8733
Desaprueba,enviando,0.8733
Desaprueba,hice,0.8733
Desaprueba,igualitarios,0.8733
Desaprueba,jubile,0.8733
Desaprueba,liceoas,0.8733
Desaprueba,monetario,0.8733
Desaprueba,prestados,0.8733
Desaprueba,revoto,0.8733
Desaprueba,trqabaja,0.8733
Desaprueba,apliciones,0.86914
Desaprueba,aprobación,0.86914
Desaprueba,atención,0.86914
Desaprueba,diversidad,0.86914
Desaprueba,gratuita,0.86914
Desaprueba,implementadas,0.86914
Desaprueba,orientadas,0.86914
Desaprueba,choca,0.8662
Desaprueba,comulgo,0.8662
Desaprueba,conducirse,0.8662
Desaprueba,desarollo,0.8662
Desaprueba,dijieron,0.8662
Desaprueba,doble,0.8662
Desaprueba,entregar,0.8662
Desaprueba,espalda,0.8662
Desaprueba,etcetera,0.8662
Desaprueba,focacilizado,0.8662
Desaprueba,fuerza,0.8662
Desaprueba,fundamentales,0.8662
Desaprueba,hacernos,0.8662
Desaprueba,identificado,0.8662
Desaprueba,interés,0.8662
Desaprueba,mejorrar,0.8662
Desaprueba,minuto,0.8662
Desaprueba,nombramiento,0.8662
Desaprueba,opuesto,0.8662
Desaprueba,presida,0.8662
Desaprueba,principalemte,0.8662
Desaprueba,pronunciadas,0.8662
Desaprueba,recativar,0.8662
Desaprueba,rol,0.8662
Desaprueba,siertas,0.8662
Desaprueba,vogilancia,0.8662
Desaprueba,aparentar,0.8628
Desaprueba,aveces,0.8628
Desaprueba,conllevan,0.8628
Desaprueba,desigual,0.8628
Desaprueba,estrictas,0.8628
Desaprueba,mandatario,0.8628
Desaprueba,potitica,0.8628
Desaprueba,aberrante,0.86271
Desaprueba,arrepiento,0.86271
Desaprueba,bno,0.86271
Desaprueba,botado,0.86271
Desaprueba,coloco,0.86271
Desaprueba,constexto,0.86271
Desaprueba,ejecutando,0.86271
Desaprueba,entiende,0.86271
Desaprueba,escuelita,0.86271
Desaprueba,europesos,0.86271
Desaprueba,global,0.86271
Desaprueba,grande,0.86271
Desaprueba,idonias,0.86271
Desaprueba,latinoamericanos,0.86271
Desaprueba,levvar,0.86271
Desaprueba,pereocupa,0.86271
Desaprueba,poncho,0.86271
Desaprueba,puso,0.86271
Desaprueba,quedo,0.86271
Desaprueba,sensantìa,0.86271
Desaprueba,necesidad,0.86047
Desaprueba,dejaron,0.8591
Desaprueba,nececidades,0.85693
Desaprueba,reales,0.85693
Desaprueba,responde,0.85693
Desaprueba,feo,0.85444
Desaprueba,concretado,0.852
Desaprueba,daño,0.852
Desaprueba,defensor,0.852
Desaprueba,quebraron,0.852
Desaprueba,60,0.85108
Desaprueba,acá,0.85108
Desaprueba,acerca,0.85108
Desaprueba,agrado,0.85108
Desaprueba,carga,0.85108
Desaprueba,compatibilidad,0.85108
Desaprueba,decadencia,0.85108
Desaprueba,deficis,0.85108
Desaprueba,enconomico,0.85108
Desaprueba,escaso,0.85108
Desaprueba,habló,0.85108
Desaprueba,incompatibilidad,0.85108
Desaprueba,indiferencia,0.85108
Desaprueba,información,0.85108
Desaprueba,minimos,0.85108
Desaprueba,muchcos,0.85108
Desaprueba,onu,0.85108
Desaprueba,resumen,0.85108
Desaprueba,salieron,0.85108
Desaprueba,solcioan,0.85108
Desaprueba,sucedió,0.85108
Desaprueba,unidos,0.85108
Desaprueba,vs,0.85108
Desaprueba,desatinado,0.85085
Desaprueba,intendencia,0.85085
Desaprueba,socioneconimico,0.85085
Desaprueba,apensionados,0.85034
Desaprueba,credito,0.85034
Desaprueba,fiscal,0.85034
Desaprueba,incapie,0.85034
Desaprueba,pensamos,0.85034
Desaprueba,bienesta,0.84643
Desaprueba,errado,0.84643
Desaprueba,colusion,0.84547
Desaprueba,cxhaqueta,0.84547
Desaprueba,derechista,0.84547
Desaprueba,municipalidades,0.84547
Desaprueba,posturas,0.84547
Desaprueba,reperesntado,0.84547
Desaprueba,vuelta,0.84547
Desaprueba,caido,0.84475
Desaprueba,esperanza,0.84475
Desaprueba,fosis,0.84475
Desaprueba,ganacias,0.84475
Desaprueba,narcotrafico,0.84475
Desaprueba,ostular,0.84475
Desaprueba,rn,0.84475
Desaprueba,accionistas,0.84287
Desaprueba,notarios,0.84287
Desaprueba,socios,0.84287
Desaprueba,tramita,0.84287
Desaprueba,electoral,0.84098
Desaprueba,8.7,0.84026
Desaprueba,acceso,0.84026
Desaprueba,anteriormente,0.84026
Desaprueba,canavis,0.84026
Desaprueba,errónea,0.84026
Desaprueba,gabinet,0.84026
Desaprueba,ignorancia,0.84026
Desaprueba,mencionados,0.84026
Desaprueba,omitido,0.84026
Desaprueba,perjudicado,0.84026
Desaprueba,propiedades,0.84026
Desaprueba,selección,0.84026
Desaprueba,validacion,0.84026
Desaprueba,apresuradas,0.83884
Desaprueba,oscuras,0.83884
Desaprueba,populistas,0.83884
Desaprueba,prodeuce,0.83884
Desaprueba,demagogia,0.836
Desaprueba,efectos,0.836
Desaprueba,cabida,0.83462
Desaprueba,catástrofe,0.83462
Desaprueba,declarar,0.83462
Desaprueba,enfermándose,0.83462
Desaprueba,escuchar,0.83462
Desaprueba,liberan,0.83462
Desaprueba,pasar,0.83462
Desaprueba,reclaman,0.83462
Desaprueba,sirve,0.83462
Desaprueba,suelos,0.83462
Desaprueba,descontiado,0.83262
Desaprueba,filo,0.83262
Desaprueba,ocaciones,0.83262
Desaprueba,ofreció,0.83218
Desaprueba,pùblicas,0.83076
Desaprueba,semane,0.83076
Desaprueba,simplemte,0.83076
Desaprueba,40,0.82673
Desaprueba,causas,0.82673
Desaprueba,dandole,0.82673
Desaprueba,mantiene,0.82673
Desaprueba,nespotismo,0.82673
Desaprueba,regimen,0.82673
Desaprueba,200,0.8244
Desaprueba,750,0.8244
Desaprueba,950,0.8244
Desaprueba,creia,0.8244
Desaprueba,marido,0.8244
Desaprueba,podian,0.8244
Desaprueba,postular,0.8244
Desaprueba,definiciones,0.82429
Desaprueba,reactivos,0.82429
Desaprueba,combate,0.8236
Desaprueba,consistente,0.8236
Desaprueba,elimiar,0.8236
Desaprueba,eliminar,0.8236
Desaprueba,firmado,0.8236
Desaprueba,matricula,0.8236
Desaprueba,raiz,0.8236
Desaprueba,gremios,0.8235
Desaprueba,bajan,0.8165
Desaprueba,cemento,0.8165
Desaprueba,dolar,0.8165
Desaprueba,genral,0.8165
Desaprueba,inflacion,0.8165
Desaprueba,kilo,0.8165
Desaprueba,ponerle,0.8165
Desaprueba,producto,0.8165
Desaprueba,sosteniendo,0.8165
Desaprueba,ajuste,0.81483
Desaprueba,apresurado,0.81483
Desaprueba,desinflando,0.81483
Desaprueba,farsante,0.81483
Desaprueba,mínimo,0.81483
Desaprueba,párte,0.81483
Desaprueba,probres,0.81483
Desaprueba,busqueda,0.81412
Desaprueba,comunciacion,0.81412
Desaprueba,conversa,0.81412
Desaprueba,durara,0.81412
Desaprueba,ecologia,0.81412
Desaprueba,ecologico,0.81412
Desaprueba,emprersarial,0.81412
Desaprueba,feminismo,0.81412
Desaprueba,gasto,0.81412
Desaprueba,hipocrita,0.81412
Desaprueba,historica,0.81412
Desaprueba,inspira,0.81412
Desaprueba,llevadas,0.81412
Desaprueba,mauricio,0.81412
Desaprueba,militacion,0.81412
Desaprueba,parentezco,0.81412
Desaprueba,patas,0.81412
Desaprueba,quizo,0.81412
Desaprueba,recurso,0.81412
Desaprueba,rojas,0.81412
Desaprueba,influenciando,0.8134
Desaprueba,oposiciòn,0.8134
Desaprueba,quinta,0.8134
Desaprueba,come,0.81339
Desaprueba,ofrecieron,0.81339
Desaprueba,poblaciones,0.81339
Desaprueba,hacciendo,0.81294
Desaprueba,remuneraciones,0.81294
Desaprueba,agricultor,0.81256
Desaprueba,altiro,0.81256
Desaprueba,animales,0.81256
Desaprueba,ayudado,0.81256
Desaprueba,ayudarnos,0.81256
Desaprueba,condono,0.81256
Desaprueba,conflictiva,0.81256
Desaprueba,diferenciales,0.81256
Desaprueba,docente,0.81256
Desaprueba,educadores,0.81256
Desaprueba,estigmatizada,0.81256
Desaprueba,excluye,0.81256
Desaprueba,forestales,0.81256
Desaprueba,llegaron,0.81256
Desaprueba,lleno,0.81256
Desaprueba,miran,0.81256
Desaprueba,planteada,0.81256
Desaprueba,raro,0.81256
Desaprueba,capacitada,0.8094
Desaprueba,dudas,0.8094
Desaprueba,hablo,0.8094
Desaprueba,contradice,0.80676
Desaprueba,tinene,0.79876
Desaprueba,costera,0.79716
Desaprueba,forestacion,0.79716
Desaprueba,mediambientales,0.79716
Desaprueba,nuo,0.79716
Desaprueba,acumulando,0.7952
Desaprueba,adoptadas,0.7952
Desaprueba,canalizando,0.7952
Desaprueba,chinas,0.7952
Desaprueba,corresponden,0.7952
Desaprueba,desarrollado,0.7952
Desaprueba,desmendro,0.7952
Desaprueba,equipo,0.7952
Desaprueba,flujo,0.7952
Desaprueba,impacto,0.7952
Desaprueba,instalacion,0.7952
Desaprueba,limeite,0.7952
Desaprueba,mandatos,0.7952
Desaprueba,manipulador,0.7952
Desaprueba,millonrioa,0.7952
Desaprueba,ninfun,0.7952
Desaprueba,onda,0.7952
Desaprueba,oral,0.7952
Desaprueba,publicacomo,0.7952
Desaprueba,publicos,0.7952
Desaprueba,sobervia,0.7952
Desaprueba,transnacionales,0.7952
Desaprueba,vuelca,0.7952
Desaprueba,yarrogancia,0.7952
Desaprueba,abeneficiar,0.79421
Desaprueba,dedicacion,0.79421
Desaprueba,desarmar,0.79421
Desaprueba,emprendido,0.79421
Desaprueba,esperaban,0.79421
Desaprueba,gestor,0.79421
Desaprueba,perjuicio,0.79421
Desaprueba,pirotecnia,0.79421
Desaprueba,publicitaria,0.79421
Desaprueba,puros,0.79421
Desaprueba,votado,0.79421
Desaprueba,ingeniero,0.79012
Desaprueba,estancadas,0.78994
Desaprueba,factor,0.78823
Desaprueba,fuentes,0.78823
Desaprueba,influido,0.78823
Desaprueba,parecer,0.78823
Desaprueba,poquito,0.78823
Desaprueba,turno,0.78823
Desaprueba,15,0.781
Desaprueba,desaprobado,0.781
Desaprueba,pertenecer,0.781
Desaprueba,comunicacionales,0.78086
Desaprueba,manejan,0.78086
Desaprueba,protagonismo,0.78086
Desaprueba,bido,0.7739
Desaprueba,delicado,0.7739
Desaprueba,expectativa,0.7739
Desaprueba,falto,0.7739
Desaprueba,paralizando,0.7739
Desaprueba,reactivacion,0.7739
Desaprueba,aumentando,0.77312
Desaprueba,conmtaminacion,0.77312
Desaprueba,contratacion,0.77312
Desaprueba,controlan,0.77312
Desaprueba,detener,0.77312
Desaprueba,efectuaron,0.77312
Desaprueba,entran,0.77312
Desaprueba,mejora,0.77312
Desaprueba,modificación,0.77312
Desaprueba,usando,0.77312
Desaprueba,politticas,0.7726
Desaprueba,demaciada,0.76338
Desaprueba,imperioridad,0.76203
Desaprueba,internet,0.76203
Desaprueba,necesarios,0.76203
Desaprueba,plazas,0.76203
Desaprueba,toman,0.76203
Desaprueba,protegiendo,0.76024
Desaprueba,agregado,0.7597
Desaprueba,comitiva,0.7597
Desaprueba,concepto,0.7597
Desaprueba,digamoslo,0.7597
Desaprueba,ecencial,0.7597
Desaprueba,incorporado,0.7597
Desaprueba,nacion,0.7597
Desaprueba,progresista,0.7597
Desaprueba,previlegiada,0.75765
Desaprueba,ambicioso,0.75489
Desaprueba,atraz,0.75489
Desaprueba,echaron,0.75489
Desaprueba,empuje,0.75489
Desaprueba,inmediato,0.75489
Desaprueba,tramite,0.75489
Desaprueba,compromiso,0.75449
Desaprueba,echos,0.75449
Desaprueba,entienden,0.75449
Desaprueba,estrictamente,0.75449
Desaprueba,favoreces,0.75449
Desaprueba,logica,0.75449
Desaprueba,popular,0.75449
Desaprueba,preparada,0.75449
Desaprueba,sensibilidad,0.75449
Desaprueba,sucediendo,0.75449
Desaprueba,totalmente,0.7526
Desaprueba,mnalo,0.75019
Desaprueba,temporera,0.75019
Desaprueba,cumpliento,0.74947
Desaprueba,dedo,0.74947
Desaprueba,escuchados,0.74947
Desaprueba,esperabamos,0.74947
Desaprueba,etan,0.74947
Desaprueba,nefasto,0.74947
Desaprueba,sol,0.74947
Desaprueba,rigor,0.74881
Desaprueba,2006,0.74772
Desaprueba,compra,0.74772
Desaprueba,contigencias,0.74772
Desaprueba,nueces,0.74772
Desaprueba,orgullo,0.74772
Desaprueba,frutos,0.7455
Desaprueba,abierto,0.74497
Desaprueba,merecen,0.74497
Desaprueba,comparacion,0.74405
Desaprueba,correctas,0.74405
Desaprueba,expextativas,0.74405
Desaprueba,idonoas,0.74405
Desaprueba,parches,0.74405
Desaprueba,preguntan,0.74405
Desaprueba,siente,0.74405
Desaprueba,deberìa,0.74293
Desaprueba,laverdaesquefaltamassolidarizar,0.74293
Desaprueba,sistemas,0.74293
Desaprueba,administrativamente,0.74277
Desaprueba,comunica,0.74277
Desaprueba,comunicación,0.74277
Desaprueba,contradictorio,0.74277
Desaprueba,cultural,0.74277
Desaprueba,diofiere,0.74277
Desaprueba,evitar,0.74277
Desaprueba,gose,0.74277
Desaprueba,llegar,0.74277
Desaprueba,plasmar,0.74277
Desaprueba,tarminos,0.74277
Desaprueba,polìticas,0.73926
Desaprueba,estudiante,0.7384
Desaprueba,pantalones,0.7384
Desaprueba,seriedad,0.7384
Desaprueba,tonteras,0.7384
Desaprueba,franco,0.73817
Desaprueba,honesto,0.73817
Desaprueba,idonea,0.73817
Desaprueba,pillado,0.73817
Desaprueba,platea,0.73817
Desaprueba,plantear,0.73772
Desaprueba,dijoq,0.73685
Desaprueba,aprobacion,0.73623
Desaprueba,ç,0.73623
Desaprueba,consesuar,0.73623
Desaprueba,convencerlo,0.73623
Desaprueba,dirigiendo,0.73623
Desaprueba,disciplina,0.73623
Desaprueba,droga,0.73623
Desaprueba,eno,0.73623
Desaprueba,estancados,0.73623
Desaprueba,implantacion,0.73623
Desaprueba,improvisa,0.73623
Desaprueba,impulsar,0.73623
Desaprueba,logremos,0.73623
Desaprueba,modicacion,0.73623
Desaprueba,parlamento,0.73623
Desaprueba,pilitica,0.73623
Desaprueba,roceso,0.73623
Desaprueba,satisfecha,0.73623
Desaprueba,segundio,0.73623
Desaprueba,universitarios,0.73623
Desaprueba,80,0.7358
Desaprueba,agosto,0.7358
Desaprueba,armas,0.7358
Desaprueba,asaltado,0.7358
Desaprueba,bienes,0.7358
Desaprueba,charlatan,0.7358
Desaprueba,devilidades,0.7358
Desaprueba,endeuda,0.7358
Desaprueba,ests,0.7358
Desaprueba,fachos,0.7358
Desaprueba,fiscalia,0.7358
Desaprueba,fuegos,0.7358
Desaprueba,habian,0.7358
Desaprueba,imaginese,0.7358
Desaprueba,ineficiencia,0.7358
Desaprueba,motiviarian,0.7358
Desaprueba,mueve,0.7358
Desaprueba,ños,0.7358
Desaprueba,objetivo,0.7358
Desaprueba,parale,0.7358
Desaprueba,pencionado,0.7358
Desaprueba,robaron,0.7358
Desaprueba,sierta,0.7358
Desaprueba,simberguensura,0.7358
Desaprueba,cercania,0.72525
Desaprueba,ciudadinia,0.72525
Desaprueba,directamente,0.72525
Desaprueba,foco,0.72525
Desaprueba,golpe,0.72525
Desaprueba,honesta,0.72525
Desaprueba,inconsecuente,0.72525
Desaprueba,ipocrita,0.72525
Desaprueba,legisla,0.72525
Desaprueba,maritimas,0.72525
Desaprueba,medioambientales,0.72525
Desaprueba,mentir,0.72525
Desaprueba,nepotismo,0.72525
Desaprueba,ocultar,0.72525
Desaprueba,perfugio,0.72525
Desaprueba,provoco,0.72525
Desaprueba,sigio,0.72525
Desaprueba,administratar,0.72338
Desaprueba,mejoradas,0.72338
Desaprueba,flaqueando,0.72287
Desaprueba,fundamental,0.72287
Desaprueba,reprocesos,0.72191
Desaprueba,electorales,0.7171
Desaprueba,autoridad,0.71607
Desaprueba,desidnacion,0.71607
Desaprueba,enla,0.71607
Desaprueba,accion,0.71587
Desaprueba,exixtencia,0.71587
Desaprueba,instrumentos,0.71587
Desaprueba,mediacion,0.71587
Desaprueba,zonas,0.71587
Desaprueba,embarrada,0.7125
Desaprueba,agradan,0.71
Desaprueba,faltan,0.70631
Desaprueba,sctor,0.70631
Desaprueba,chiste,0.70432
Desaprueba,pesimas,0.70432
Desaprueba,comunicaciòn,0.70415
Desaprueba,presuspuesto,0.70415
Desaprueba,saca,0.70402
Desaprueba,boga,0.70342
Desaprueba,correcta,0.70342
Desaprueba,abortos,0.7029
Desaprueba,minoritarias,0.7029
Desaprueba,tendria,0.70199
Desaprueba,continuidad,0.70028
Desaprueba,susediendo,0.6997
Desaprueba,asosiada,0.69722
Desaprueba,candidatura,0.69722
Desaprueba,cumliendo,0.69722
Desaprueba,normal,0.69722
Desaprueba,usuarios,0.69722
Desaprueba,cooerencia,0.69435
Desaprueba,creedibilidad,0.69435
Desaprueba,cualquiera,0.69435
Desaprueba,dada,0.69435
Desaprueba,difusas,0.69435
Desaprueba,dirija,0.69435
Desaprueba,drogadicción,0.69435
Desaprueba,embajador,0.69435
Desaprueba,eserado,0.69435
Desaprueba,explicarlo,0.69435
Desaprueba,politaica,0.69435
Desaprueba,pomete,0.69435
Desaprueba,prefiere,0.69435
Desaprueba,adelantarse,0.69376
Desaprueba,adelantepor,0.69376
Desaprueba,aparece,0.69376
Desaprueba,autoridades,0.69376
Desaprueba,cerrado,0.69376
Desaprueba,chilensis,0.69376
Desaprueba,ciudadanos,0.69376
Desaprueba,comision,0.69376
Desaprueba,cumplidos,0.69376
Desaprueba,deficiencia,0.69376
Desaprueba,definida,0.69376
Desaprueba,desproteccion,0.69376
Desaprueba,estancamiento,0.69376
Desaprueba,faltaba,0.69376
Desaprueba,formo,0.69376
Desaprueba,ingreso,0.69376
Desaprueba,logistica,0.69376
Desaprueba,pasos,0.69376
Desaprueba,piensa,0.69376
Desaprueba,polilusta,0.69376
Desaprueba,provocado,0.69376
Desaprueba,regional,0.69376
Desaprueba,reprimir,0.69376
Desaprueba,subsecretario,0.69376
Desaprueba,utilizado,0.69376
Desaprueba,estudien,0.6927
Desaprueba,jubilen,0.6927
Desaprueba,momentos,0.69182
Desaprueba,horrible,0.68975
Desaprueba,indulto,0.68895
Desaprueba,peuco,0.68895
Desaprueba,presos,0.68895
Desaprueba,punta,0.68895
Desaprueba,acepta,0.68722
Desaprueba,ezquierda,0.68722
Desaprueba,manipulado,0.68722
Desaprueba,asistente,0.68573
Desaprueba,cayo,0.68573
Desaprueba,cocas,0.68573
Desaprueba,municipalidad,0.68573
Desaprueba,nailon,0.68573
Desaprueba,taparan,0.68573
Desaprueba,terremoto,0.68573
Desaprueba,demasiada,0.68566
Desaprueba,incompetente,0.68566
Desaprueba,personsa,0.68566
Desaprueba,colectivos,0.68514
Desaprueba,daba,0.68514
Desaprueba,elimino,0.68514
Desaprueba,taxis,0.68514
Desaprueba,transportista,0.68514
Desaprueba,estafa,0.68401
Desaprueba,absurda,0.68078
Desaprueba,absurdas,0.68078
Desaprueba,alla,0.68078
Desaprueba,autoritaria,0.68078
Desaprueba,compaña,0.68078
Desaprueba,ejempo,0.68078
Desaprueba,fantaseosa,0.68078
Desaprueba,goberner,0.68078
Desaprueba,habiado,0.68078
Desaprueba,inaguradas,0.68078
Desaprueba,inauduracion,0.68078
Desaprueba,llamo,0.68078
Desaprueba,porqeu,0.68078
Desaprueba,puntual,0.68078
Desaprueba,sifnificado,0.68078
Desaprueba,trajectoria,0.68078
Desaprueba,clasismo,0.67357
Desaprueba,cutules,0.67357
Desaprueba,homofobia,0.67357
Desaprueba,horroroso,0.67357
Desaprueba,inclumplio,0.67357
Desaprueba,menor,0.67357
Desaprueba,mover,0.67357
Desaprueba,piscina,0.67357
Desaprueba,quieto,0.67357
Desaprueba,sobr,0.67357
Desaprueba,teams,0.67357
Desaprueba,aristocracia,0.67101
Desaprueba,corrupción,0.67101
Desaprueba,crece,0.67101
Desaprueba,crecido,0.67101
Desaprueba,cumplió,0.67101
Desaprueba,decia,0.67101
Desaprueba,dela,0.67101
Desaprueba,dependiendo,0.67101
Desaprueba,envuelto,0.67101
Desaprueba,hcaer,0.67101
Desaprueba,juzgado,0.67101
Desaprueba,manifestable,0.67101
Desaprueba,prospere,0.67101
Desaprueba,voluntad,0.67101
Desaprueba,lentos,0.67097
Desaprueba,actuanmdo,0.66342
Desaprueba,amarillistga,0.66342
Desaprueba,apruebo,0.66342
Desaprueba,basicos,0.66342
Desaprueba,cambiarlas,0.66342
Desaprueba,cautela,0.66342
Desaprueba,colegio,0.66342
Desaprueba,correciones,0.66342
Desaprueba,debidad,0.66342
Desaprueba,debil,0.66342
Desaprueba,descontento,0.66342
Desaprueba,drasticos,0.66342
Desaprueba,esperando,0.66342
Desaprueba,estabamos,0.66342
Desaprueba,gb,0.66342
Desaprueba,incluyendome,0.66342
Desaprueba,indevidas,0.66342
Desaprueba,influenciada,0.66342
Desaprueba,loq,0.66342
Desaprueba,molestar,0.66342
Desaprueba,rapidez,0.66342
Desaprueba,rapidos,0.66342
Desaprueba,relacionada,0.66342
Desaprueba,salariales,0.66342
Desaprueba,sancionados,0.66342
Desaprueba,solucionado,0.66342
Desaprueba,temor,0.66342
Desaprueba,teniedo,0.66342
Desaprueba,viera,0.66342
Desaprueba,votamos,0.66342
Desaprueba,abandono,0.66285
Desaprueba,agricultura,0.66285
Desaprueba,diré,0.64995
Desaprueba,industrias,0.64995
Desaprueba,movemos,0.64995
Desaprueba,tremenda,0.64995
Desaprueba,tremendo,0.64995
Desaprueba,significativas,0.64027
Desaprueba,cristiana,0.62605
Desaprueba,parche,0.60811
Desaprueba,afectando,0.59741
Desaprueba,autodisplicente,0.59741
Desaprueba,criminales,0.59741
Desaprueba,quedado,0.59741
Desaprueba,camaras,0.59363
Desaprueba,convencer,0.59363
Desaprueba,demas,0.59363
Desaprueba,primordial,0.5822
Desaprueba,insertidumbre,0.57963
Desaprueba,inversion,0.57963
Desaprueba,abordaje,0.57132
Desaprueba,burocratico,0.57132
Desaprueba,ciencia,0.57132
Desaprueba,demandas,0.57132
Desaprueba,reformado,0.55084
Desaprueba,benefician,0.5444
Desaprueba,confio,0.54023
Desaprueba,ambiguo,0.50906
Desaprueba,huimanos,0.50906
Desaprueba,proble,0.50906
Desaprueba,ptrincipal,0.50906
Desaprueba,reflejado,0.50906
Desaprueba,reprimido,0.50906
Desaprueba,resultados,0.50906
