aprobacion_presidencial,word,n
Aprueba,economia,235.70147
Aprueba,gobierno,122.97971
Aprueba,inmigracion,104.23582
Aprueba,politica,77.31144
Aprueba,gusta,73.96674
Aprueba,gestion,71.10928
Aprueba,cambio,57.69518
Aprueba,presidente,53.14056
Aprueba,delincuencia,42.85252
Aprueba,empleo,39.75065
Aprueba,leyes,38.16396
Aprueba,educacion,37.95195
Aprueba,99,36.40445
Aprueba,proyecto,33.80115
Aprueba,seguridad,32.42435
Aprueba,tratando,30.17372
Aprueba,orden,29.75234
Aprueba,estabilidad,27.99824
Aprueba,reformas,26.51044
Aprueba,persona,26.45054
Aprueba,promesas,25.20162
Aprueba,visto,24.91084
Aprueba,forma,24.88535
Aprueba,ideas,24.83205
Aprueba,empresas,24.72501
Aprueba,derecha,23.74451
Aprueba,chile,22.90062
Aprueba,ve,22.21393
Aprueba,manejo,21.67997
Aprueba,personas,21.48018
Aprueba,salud,20.46875
Aprueba,empresariado,20.00561
Aprueba,piñera,19.33514
Aprueba,mejorado,17.97551
Aprueba,confianza,17.73475
Aprueba,medidas,17.24094
Aprueba,hombre,17.09986
Aprueba,mejorar,16.65337
Aprueba,media,16.60339
Aprueba,crecimiento,16.40127
Aprueba,ayuda,16.20754
Aprueba,aumento,15.59932
Aprueba,nivel,15.59206
Aprueba,echo,15.55087
Aprueba,problemas,15.41409
Aprueba,laboral,15.17995
Aprueba,bachelet,13.92911
Aprueba,tributaria,13.90443
Aprueba,clase,13.41676
Aprueba,años,13.23946
Aprueba,social,13.03849
Aprueba,veo,12.96415
Aprueba,decision,12.92242
Aprueba,apoyo,12.49505
Aprueba,sueldos,12.43133
Aprueba,oportunidades,12.42076
Aprueba,empresario,12.30252
Aprueba,situacion,12.26053
Aprueba,dando,11.85821
Aprueba,preocupando,11.1995
Aprueba,niños,11.00469
Aprueba,partido,10.96402
Aprueba,periodo,10.72826
Aprueba,jubilacion,10.72511
Aprueba,malo,10.65113
Aprueba,aca,10.54166
Aprueba,realidad,10.41537
Aprueba,considero,10.37384
Aprueba,izquierda,10.07565
Aprueba,edad,10.00387
Aprueba,tranquilidad,9.9828
Aprueba,familia,9.71644
Aprueba,asunto,9.71482
Aprueba,gusto,9.64008
Aprueba,importante,9.5739
Aprueba,arreglar,9.44157
Aprueba,año,9.39779
Aprueba,preocupa,9.39578
Aprueba,vote,9.33291
Aprueba,opinion,9.3274
Aprueba,meses,9.30471
Aprueba,tomado,9.29948
Aprueba,està,9.07157
Aprueba,dejo,9.03876
Aprueba,propuestas,8.92058
Aprueba,mandato,8.78993
Aprueba,mejorando,8.76363
Aprueba,ayudar,8.74792
Aprueba,darle,8.60794
Aprueba,cosa,8.58585
Aprueba,relacion,8.06891
Aprueba,tanta,8.06322
Aprueba,carabineros,8.03319
Aprueba,noticias,8.02917
Aprueba,preocupado,7.9215
Aprueba,llevado,7.85569
Aprueba,mano,7.8327
Aprueba,corto,7.69947
Aprueba,inteligente,7.69407
Aprueba,ido,7.6657
Aprueba,aprueba,7.65032
Aprueba,presidenta,7.57158
Aprueba,tomando,7.33327
Aprueba,sociedad,7.25223
Aprueba,poniendo,7.24686
Aprueba,publicas,7.17626
Aprueba,pienso,7.09776
Aprueba,control,7.096
Aprueba,nota,7.06367
Aprueba,vienen,7.04357
Aprueba,casa,7.00757
Aprueba,fuentes,6.95553
Aprueba,reactivacion,6.92986
Aprueba,laborales,6.89303
Aprueba,mejora,6.77291
Aprueba,maneja,6.76559
Aprueba,sistema,6.69939
Aprueba,siento,6.63903
Aprueba,principal,6.62372
Aprueba,campaña,6.61647
Aprueba,gustado,6.61372
Aprueba,país,6.61121
Aprueba,inversion,6.60918
Aprueba,situaciones,6.53626
Aprueba,genero,6.47309
Aprueba,apruebo,6.4728
Aprueba,malas,6.45957
Aprueba,manejar,6.44554
Aprueba,paso,6.44236
Aprueba,adulto,6.43899
Aprueba,cargo,6.41791
Aprueba,poquito,6.361
Aprueba,ordenado,6.29213
Aprueba,lento,6.25926
Aprueba,escuchado,6.25123
Aprueba,plata,6.22389
Aprueba,beneficios,6.12637
Aprueba,sociales,6.01645
Aprueba,mayores,6.00432
Aprueba,beneficio,5.96019
Aprueba,idea,5.91575
Aprueba,pasa,5.91476
Aprueba,equipo,5.91456
Aprueba,programa,5.88223
Aprueba,dura,5.84187
Aprueba,comparacion,5.83293
Aprueba,publica,5.79013
Aprueba,comercio,5.75014
Aprueba,recien,5.65694
Aprueba,generando,5.62515
Aprueba,rapido,5.60419
Aprueba,tratado,5.59571
Aprueba,generar,5.59341
Aprueba,llevo,5.58635
Aprueba,ordenando,5.55789
Aprueba,pais,5.52718
Aprueba,region,5.52631
Aprueba,apoya,5.52561
Aprueba,falta,5.48574
Aprueba,gratuidad,5.46495
Aprueba,cumplido,5.45264
Aprueba,tratar,5.35849
Aprueba,desarrollo,5.35554
Aprueba,anteriores,5.24143
Aprueba,sacar,5.16208
Aprueba,desempeño,5.14707
Aprueba,soluciones,5.12943
Aprueba,mapuche,5.12313
Aprueba,area,5.0969
Aprueba,valores,5.0548
Aprueba,ordenar,4.98366
Aprueba,po,4.92719
Aprueba,familiar,4.89564
Aprueba,opiniones,4.89533
Aprueba,conocimiento,4.88256
Aprueba,quedo,4.86907
Aprueba,intentando,4.86396
Aprueba,sename,4.84646
Aprueba,tipo,4.81114
Aprueba,supone,4.80092
Aprueba,plazo,4.78101
Aprueba,cara,4.73256
Aprueba,personal,4.67123
Aprueba,sector,4.66691
Aprueba,inversiones,4.66338
Aprueba,mejores,4.64893
Aprueba,mejoras,4.61508
Aprueba,futuro,4.57025
Aprueba,unico,4.57007
Aprueba,chilenos,4.54736
Aprueba,vision,4.54058
Aprueba,intenciones,4.53978
Aprueba,estancado,4.50763
Aprueba,linea,4.49223
Aprueba,notado,4.47938
Aprueba,minimo,4.47479
Aprueba,serio,4.47169
Aprueba,adultos,4.45435
Aprueba,consecuente,4.38904
Aprueba,salió,4.3787
Aprueba,avance,4.37374
Aprueba,ojala,4.35746
Aprueba,empezando,4.32725
Aprueba,puesto,4.28113
Aprueba,sebastian,4.27004
Aprueba,mueve,4.24263
Aprueba,necesita,4.24001
Aprueba,ambito,4.23775
Aprueba,gastos,4.21794
Aprueba,crecer,4.19136
Aprueba,qe,4.18807
Aprueba,manejado,4.15623
Aprueba,baja,4.15592
Aprueba,razon,4.14808
Aprueba,desorden,4.13999
Aprueba,minuto,4.12533
Aprueba,subiendo,4.09319
Aprueba,transparente,4.0823
Aprueba,libre,4.07924
Aprueba,ejecutivo,4.07315
Aprueba,partidos,3.99114
Aprueba,impulso,3.9659
Aprueba,subsidio,3.95144
Aprueba,trabajador,3.94308
Aprueba,cumplir,3.93722
Aprueba,bono,3.91799
Aprueba,cumple,3.89143
Aprueba,quintero,3.85832
Aprueba,comunista,3.84087
Aprueba,camino,3.83881
Aprueba,sabria,3.83731
Aprueba,esperanza,3.82423
Aprueba,grande,3.81228
Aprueba,toma,3.80814
Aprueba,mercado,3.7936
Aprueba,piensa,3.79248
Aprueba,estudiantes,3.78781
Aprueba,viene,3.78391
Aprueba,cree,3.78349
Aprueba,pone,3.74651
Aprueba,cumpliendo,3.72441
Aprueba,pega,3.68495
Aprueba,independiente,3.68476
Aprueba,salir,3.67209
Aprueba,jovenes,3.66441
Aprueba,oposicion,3.6636
Aprueba,reactivar,3.6626
Aprueba,aspecto,3.64774
Aprueba,ingreso,3.59654
Aprueba,región,3.59025
Aprueba,viendo,3.57135
Aprueba,socialista,3.57081
Aprueba,principio,3.56447
Aprueba,errores,3.55555
Aprueba,becas,3.53344
Aprueba,apesar,3.47506
Aprueba,mando,3.46693
Aprueba,haga,3.44901
Aprueba,credibilidad,3.44801
Aprueba,mantenido,3.44795
Aprueba,campo,3.42616
Aprueba,gustan,3.41936
Aprueba,respetuoso,3.40318
Aprueba,deuda,3.39481
Aprueba,excelente,3.38566
Aprueba,ayudado,3.37005
Aprueba,colegios,3.36406
Aprueba,ministro,3.34754
Aprueba,entrevista,3.34647
Aprueba,dejar,3.34222
Aprueba,salio,3.33203
Aprueba,seriedad,3.30999
Aprueba,preparacion,3.307
Aprueba,tomar,3.30673
Aprueba,interesa,3.305
Aprueba,traves,3.30223
Aprueba,indices,3.29672
Aprueba,espera,3.28854
Aprueba,venezuela,3.28289
Aprueba,llevando,3.27175
Aprueba,mayoria,3.26305
Aprueba,ultimos,3.26233
Aprueba,crisis,3.2592
Aprueba,cuerdo,3.25753
Aprueba,mundo,3.23877
Aprueba,ayude,3.23146
Aprueba,pobres,3.22968
Aprueba,digamos,3.22592
Aprueba,necesitamos,3.21959
Aprueba,dirige,3.21225
Aprueba,hartos,3.21051
Aprueba,explicar,3.20187
Aprueba,partidario,3.18695
Aprueba,esfuerzo,3.18287
Aprueba,gracias,3.15268
Aprueba,papeles,3.13914
Aprueba,agilidad,3.13184
Aprueba,decirte,3.12989
Aprueba,ningun,3.12816
Aprueba,confio,3.10652
Aprueba,salga,3.10037
Aprueba,cuentas,3.09118
Aprueba,problema,3.0844
Aprueba,opciones,3.07659
Aprueba,pro,3.06089
Aprueba,ahy,3.05953
Aprueba,avanzando,3.03863
Aprueba,aborto,3.03724
Aprueba,capacidad,3.03266
Aprueba,hospitales,3.02534
Aprueba,caso,3.02153
Aprueba,polìtica,3.01983
Aprueba,gallo,3.01932
Aprueba,subsidios,3.01666
Aprueba,ala,3.00869
Aprueba,solucionar,3.0073
Aprueba,quiero,3.00382
Aprueba,programas,2.99745
Aprueba,atencion,2.97213
Aprueba,embarrada,2.97061
Aprueba,llegando,2.9607
Aprueba,agrada,2.95896
Aprueba,caracter,2.95006
Aprueba,acabando,2.94923
Aprueba,gustaba,2.92939
Aprueba,mercados,2.92714
Aprueba,firme,2.92449
Aprueba,negocios,2.90409
Aprueba,importa,2.85892
Aprueba,posicion,2.85866
Aprueba,deja,2.85299
Aprueba,tendencia,2.85143
Aprueba,dios,2.84355
Aprueba,señora,2.8424
Aprueba,pasan,2.83606
Aprueba,partes,2.82742
Aprueba,alumnos,2.8098
Aprueba,calle,2.80083
Aprueba,cabeza,2.78358
Aprueba,extremista,2.77197
Aprueba,habian,2.75026
Aprueba,finanzas,2.74961
Aprueba,regularizar,2.74601
Aprueba,regiones,2.74516
Aprueba,hijos,2.74482
Aprueba,sacando,2.74428
Aprueba,voto,2.73087
Aprueba,reactivando,2.72728
Aprueba,quieren,2.72449
Aprueba,empeño,2.72304
Aprueba,asuntos,2.72291
Aprueba,bajado,2.71824
Aprueba,bastantes,2.70996
Aprueba,comentarios,2.70147
Aprueba,inversionista,2.70077
Aprueba,vivienda,2.65204
Aprueba,estudios,2.63538
Aprueba,araucania,2.63265
Aprueba,cuestión,2.63148
Aprueba,rico,2.63148
Aprueba,componente,2.627
Aprueba,nuevamente,2.62307
Aprueba,cosas,2.62215
Aprueba,digo,2.61594
Aprueba,mira,2.61065
Aprueba,encontre,2.61003
Aprueba,ladrones,2.59849
Aprueba,escucha,2.59386
Aprueba,reconoce,2.58966
Aprueba,normal,2.58944
Aprueba,subio,2.58788
Aprueba,postura,2.58657
Aprueba,enfrentado,2.57058
Aprueba,golpe,2.56899
Aprueba,trato,2.56754
Aprueba,seria,2.56247
Aprueba,candidatos,2.55619
Aprueba,ayudando,2.54762
Aprueba,ejecutado,2.54686
Aprueba,minera,2.53621
Aprueba,artas,2.52891
Aprueba,funcionando,2.52794
Aprueba,recursos,2.52207
Aprueba,puntos,2.52205
Aprueba,iguales,2.5205
Aprueba,sobretodo,2.51952
Aprueba,avanzado,2.51704
Aprueba,corrupcion,2.51227
Aprueba,contaminacion,2.51057
Aprueba,sectores,2.49904
Aprueba,respeto,2.4921
Aprueba,hagan,2.48642
Aprueba,mantiene,2.47871
Aprueba,policiales,2.47393
Aprueba,ciudadanos,2.46952
Aprueba,harto,2.46819
Aprueba,asiendo,2.46633
Aprueba,mala,2.45758
Aprueba,llevan,2.44228
Aprueba,diciplina,2.43875
Aprueba,obviamente,2.43723
Aprueba,gane,2.4332
Aprueba,siente,2.43083
Aprueba,facilidades,2.42372
Aprueba,percepcion,2.41468
Aprueba,correcto,2.41429
Aprueba,gustando,2.407
Aprueba,actual,2.39742
Aprueba,acá,2.3935
Aprueba,realizando,2.37559
Aprueba,altiro,2.37433
Aprueba,planes,2.37271
Aprueba,preocupacion,2.36942
Aprueba,tranquilo,2.35934
Aprueba,resolver,2.35771
Aprueba,implementando,2.35382
Aprueba,vivimos,2.35241
Aprueba,simplemente,2.35066
Aprueba,enfocado,2.34476
Aprueba,puestos,2.34231
Aprueba,razones,2.33669
Aprueba,viviendas,2.33204
Aprueba,encuentra,2.32534
Aprueba,apertura,2.32079
Aprueba,ordenamiento,2.31779
Aprueba,interes,2.31547
Aprueba,gratis,2.3146
Aprueba,ingresos,2.31409
Aprueba,pensamientos,2.31237
Aprueba,manejando,2.31222
Aprueba,robos,2.30902
Aprueba,relativamente,2.30814
Aprueba,genera,2.30599
Aprueba,basa,2.29795
Aprueba,tantos,2.29704
Aprueba,fuente,2.29667
Aprueba,mujeres,2.29117
Aprueba,experiencia,2.28762
Aprueba,mejoria,2.28653
Aprueba,notar,2.27281
Aprueba,pensamiento,2.26183
Aprueba,dificil,2.2602
Aprueba,pequeñas,2.25887
Aprueba,màs,2.24759
Aprueba,nacional,2.24713
Aprueba,documentos,2.24569
Aprueba,conosco,2.24357
Aprueba,haria,2.21519
Aprueba,salido,2.20901
Aprueba,logrando,2.20451
Aprueba,encontrado,2.1808
Aprueba,duro,2.17533
Aprueba,bio,2.17306
Aprueba,coherente,2.1513
Aprueba,opcion,2.15043
Aprueba,pueblo,2.14352
Aprueba,abrir,2.1434
Aprueba,esperar,2.14109
Aprueba,arreglado,2.13555
Aprueba,rapidez,2.13451
Aprueba,buscando,2.13152
Aprueba,presupuesto,2.13055
Aprueba,dirigir,2.12356
Aprueba,pobre,2.11545
Aprueba,bienestar,2.10929
Aprueba,unidad,2.10804
Aprueba,mantener,2.10062
Aprueba,aspectos,2.09734
Aprueba,cabo,2.08755
Aprueba,saliendo,2.07734
Aprueba,conozco,2.07389
Aprueba,levantar,2.06917
Aprueba,ejecutar,2.06841
Aprueba,sentido,2.06834
Aprueba,movimiento,2.05712
Aprueba,aplica,2.0528
Aprueba,punto,2.04854
Aprueba,realmente,2.0445
Aprueba,ideologias,2.04374
Aprueba,liderazgo,2.04274
Aprueba,especifico,2.03625
Aprueba,llama,2.03391
Aprueba,conduccion,2.03234
Aprueba,actuar,2.0283
Aprueba,voluntad,2.02685
Aprueba,arto,2.02216
Aprueba,enfoque,2.01895
Aprueba,pa,2.00784
Aprueba,arreglando,2.00689
Aprueba,homosexuales,2.00443
Aprueba,estudiando,2.00433
Aprueba,ne,2.00318
Aprueba,centro,2.00231
Aprueba,profesional,2.0022
Aprueba,bolivia,1.99811
Aprueba,llamaban,1.99323
Aprueba,llegar,1.98642
Aprueba,contrario,1.97567
Aprueba,ende,1.96797
Aprueba,abre,1.95312
Aprueba,puertas,1.95312
Aprueba,lider,1.95237
Aprueba,manos,1.94179
Aprueba,intensiones,1.93646
Aprueba,eficiente,1.93539
Aprueba,comienzo,1.92942
Aprueba,enserio,1.92942
Aprueba,tomo,1.92942
Aprueba,bonificacion,1.92835
Aprueba,prensa,1.92835
Aprueba,psyuepone,1.92835
Aprueba,llegan,1.92676
Aprueba,compromiso,1.92512
Aprueba,desaprobarlo,1.9241
Aprueba,par,1.9241
Aprueba,megusta,1.91884
Aprueba,sensacion,1.91711
Aprueba,importancia,1.90992
Aprueba,loe,1.90295
Aprueba,recalcarle,1.90295
Aprueba,conducieron,1.90182
Aprueba,fondo,1.90017
Aprueba,progresar,1.89826
Aprueba,positivas,1.89067
Aprueba,iba,1.88299
Aprueba,socialy,1.88169
Aprueba,activacion,1.87841
Aprueba,materia,1.87814
Aprueba,cortar,1.86956
Aprueba,fe,1.86466
Aprueba,justicia,1.8572
Aprueba,desempeña,1.85524
Aprueba,fecha,1.84703
Aprueba,ventas,1.84698
Aprueba,organizando,1.84221
Aprueba,reducir,1.83711
Aprueba,defiende,1.8361
Aprueba,necesitaba,1.83471
Aprueba,exigir,1.83347
Aprueba,juicio,1.83286
Aprueba,tajantemente,1.8318
Aprueba,fiscales,1.82826
Aprueba,mire,1.8191
Aprueba,compañia,1.81639
Aprueba,completo,1.81639
Aprueba,desarrollar,1.81639
Aprueba,ente,1.81639
Aprueba,espacio,1.81639
Aprueba,llegarte,1.81639
Aprueba,malos,1.81639
Aprueba,pair,1.81639
Aprueba,solucionarlo,1.81639
Aprueba,suerte,1.81639
Aprueba,trabajai,1.81639
Aprueba,yendo,1.81398
Aprueba,asesores,1.81033
Aprueba,anda,1.80745
Aprueba,menores,1.80471
Aprueba,fuerza,1.80368
Aprueba,alzas,1.80035
Aprueba,etica,1.79841
Aprueba,vida,1.79795
Aprueba,depende,1.79607
Aprueba,ven,1.79429
Aprueba,anteriior,1.79316
Aprueba,condiciones,1.79122
Aprueba,conclusiones,1.78127
Aprueba,trayectoria,1.77868
Aprueba,disminuir,1.77625
Aprueba,antecedentes,1.775
Aprueba,penales,1.775
Aprueba,moviendo,1.77432
Aprueba,proyecciones,1.77383
Aprueba,cacho,1.77372
Aprueba,pucha,1.77372
Aprueba,verdad,1.77372
Aprueba,favorece,1.77275
Aprueba,independientes,1.76606
Aprueba,moral,1.76565
Aprueba,conformarse,1.76442
Aprueba,nomas,1.76442
Aprueba,responde,1.7618
Aprueba,rigurosos,1.74229
Aprueba,derecho,1.7395
Aprueba,grandes,1.73802
Aprueba,pueod,1.73802
Aprueba,reine,1.73802
Aprueba,claridad,1.73795
Aprueba,julio,1.73748
Aprueba,junio,1.73748
Aprueba,saco,1.73748
Aprueba,planteamiento,1.7324
Aprueba,propuesta,1.7324
Aprueba,pensando,1.72657
Aprueba,controlando,1.72475
Aprueba,humilde,1.7243
Aprueba,siga,1.72267
Aprueba,quie,1.72187
Aprueba,usando,1.71727
Aprueba,pasando,1.71048
Aprueba,derechista,1.70478
Aprueba,resultados,1.70248
Aprueba,reelecto,1.70166
Aprueba,cumplinedo,1.6998
Aprueba,conflicto,1.69133
Aprueba,socialismo,1.68902
Aprueba,protestas,1.68846
Aprueba,capaz,1.68328
Aprueba,dinero,1.68179
Aprueba,actuando,1.6761
Aprueba,correctas,1.6756
Aprueba,dedicado,1.6756
Aprueba,comparte,1.67224
Aprueba,aguinaldo,1.67143
Aprueba,paulatinos,1.67143
Aprueba,tanmto,1.67143
Aprueba,impulsa,1.67139
Aprueba,entrega,1.6686
Aprueba,progreso,1.66736
Aprueba,activando,1.66587
Aprueba,grupos,1.66466
Aprueba,impuestos,1.6598
Aprueba,sirve,1.65799
Aprueba,flujo,1.65762
Aprueba,libertad,1.65055
Aprueba,resto,1.65005
Aprueba,aceptado,1.64937
Aprueba,areas,1.64937
Aprueba,diferntes,1.64937
Aprueba,internacional,1.64728
Aprueba,invertir,1.64643
Aprueba,parecido,1.64457
Aprueba,roban,1.63774
Aprueba,faena,1.63531
Aprueba,faeneros,1.63531
Aprueba,entrar,1.6307
Aprueba,justo,1.62905
Aprueba,sacado,1.62517
Aprueba,impulsando,1.61945
Aprueba,agricultores,1.61573
Aprueba,trabajor,1.61573
Aprueba,ambiental,1.61199
Aprueba,cansados,1.61199
Aprueba,policial,1.61199
Aprueba,informacion,1.61176
Aprueba,juventud,1.60474
Aprueba,ampliado,1.6032
Aprueba,contado,1.6032
Aprueba,informada,1.6032
Aprueba,vistos,1.60235
Aprueba,surgiendo,1.60219
Aprueba,apoyan,1.59828
Aprueba,hija,1.59702
Aprueba,funcionan,1.59566
Aprueba,di,1.59316
Aprueba,particular,1.5915
Aprueba,reduccion,1.58929
Aprueba,publico,1.58902
Aprueba,realiza,1.58853
Aprueba,freno,1.58827
Aprueba,alternativas,1.58807
Aprueba,haciedo,1.58651
Aprueba,anteriormente,1.5833
Aprueba,estàn,1.5833
Aprueba,conversaciòn,1.58305
Aprueba,dispuesto,1.58305
Aprueba,post,1.58305
Aprueba,pùblicas,1.58305
Aprueba,apoyando,1.5813
Aprueba,ultimamente,1.58068
Aprueba,espero,1.57922
Aprueba,contingencia,1.57745
Aprueba,violentos,1.5762
Aprueba,hechas,1.57307
Aprueba,inconveniente,1.5691
Aprueba,pedazos,1.56592
Aprueba,pendiente,1.56592
Aprueba,puente,1.56592
Aprueba,querian,1.56592
Aprueba,rios,1.56592
Aprueba,tipico,1.56592
Aprueba,decirlo,1.56045
Aprueba,aquejan,1.55301
Aprueba,ciudadano,1.55301
Aprueba,comfiable,1.55301
Aprueba,comun,1.55301
Aprueba,curso,1.55301
Aprueba,publicos,1.55271
Aprueba,autoridad,1.55254
Aprueba,adelantos,1.55066
Aprueba,promulgacion,1.54793
Aprueba,esperanzados,1.54542
Aprueba,noce,1.54195
Aprueba,claras,1.53904
Aprueba,respetarlos,1.53516
Aprueba,conocimientos,1.53502
Aprueba,palabras,1.53502
Aprueba,pr3ocupacion,1.53502
Aprueba,puras,1.53502
Aprueba,saca,1.5336
Aprueba,ahhhh,1.52745
Aprueba,especial,1.52745
Aprueba,hummm,1.52745
Aprueba,inversión,1.52695
Aprueba,activo,1.5267
Aprueba,modificaciones,1.52653
Aprueba,privada,1.52548
Aprueba,sur,1.52401
Aprueba,faltaria,1.5194
Aprueba,gobernaría,1.5194
Aprueba,imposiciñon,1.5194
Aprueba,sencillo,1.5194
Aprueba,queria,1.51821
Aprueba,responsable,1.5169
Aprueba,solucion,1.51629
Aprueba,organizacion,1.51137
Aprueba,tirar,1.50774
Aprueba,deberia,1.5076
Aprueba,acercando,1.5074
Aprueba,acuerdop,1.5074
Aprueba,co9n,1.5074
Aprueba,credito,1.5074
Aprueba,pueblos,1.5074
Aprueba,referente,1.5074
Aprueba,sde,1.5074
Aprueba,pol,1.50415
Aprueba,actividad,1.50078
Aprueba,rojo,1.49908
Aprueba,concretas,1.49531
Aprueba,pese,1.49293
Aprueba,fondos,1.491
Aprueba,ofendiendo,1.49072
Aprueba,principales,1.48636
Aprueba,hospital,1.4839
Aprueba,instalando,1.4839
Aprueba,llego,1.4839
Aprueba,opino,1.4839
Aprueba,ventiladores,1.4839
Aprueba,aportado,1.47537
Aprueba,funciona,1.47479
Aprueba,generacion,1.46988
Aprueba,entregaron,1.46914
Aprueba,clara,1.46786
Aprueba,transparencia,1.46741
Aprueba,incremento,1.46493
Aprueba,drastica,1.46464
Aprueba,instituciones,1.46464
Aprueba,respaldo,1.46464
Aprueba,cristianos,1.46121
Aprueba,sale,1.46105
Aprueba,empuje,1.45899
Aprueba,talleres,1.45899
Aprueba,frente,1.45855
Aprueba,controles,1.4555
Aprueba,identidad,1.44965
Aprueba,macro,1.4484
Aprueba,competente,1.44669
Aprueba,coas,1.44454
Aprueba,reactivado,1.44324
Aprueba,aumentando,1.43935
Aprueba,docente,1.43882
Aprueba,inclucion,1.43882
Aprueba,motivos,1.43882
Aprueba,prefiero,1.43882
Aprueba,socilaes,1.43882
Aprueba,coherencia,1.43877
Aprueba,encontró,1.43803
Aprueba,constante,1.43326
Aprueba,diferencia,1.43326
Aprueba,propone,1.42835
Aprueba,invierten,1.42806
Aprueba,leido,1.4271
Aprueba,segùn,1.4271
Aprueba,tele,1.4271
Aprueba,proceso,1.42616
Aprueba,demostrando,1.42209
Aprueba,ejecutando,1.42209
Aprueba,esperemos,1.42209
Aprueba,inconclusa,1.42209
Aprueba,molesta,1.42209
Aprueba,pase,1.42209
Aprueba,quede,1.42209
Aprueba,haciendolo,1.42021
Aprueba,variado,1.42021
Aprueba,loco,1.41812
Aprueba,verlo,1.41812
Aprueba,busca,1.41417
Aprueba,personalmente,1.4129
Aprueba,pq,1.40707
Aprueba,devuelvan,1.40166
Aprueba,legalice,1.40166
Aprueba,visas,1.40166
Aprueba,consultorio,1.40101
Aprueba,demas,1.40101
Aprueba,requiere,1.39966
Aprueba,quierre,1.3987
Aprueba,creando,1.39802
Aprueba,administre,1.39179
Aprueba,estariamos,1.39179
Aprueba,emprender,1.39067
Aprueba,fomenta,1.38691
Aprueba,estudiar,1.38575
Aprueba,parecer,1.38575
Aprueba,condicionales,1.37098
Aprueba,hbian,1.37098
Aprueba,quedar,1.37098
Aprueba,tencgo,1.37098
Aprueba,familias,1.36817
Aprueba,fortaleciendo,1.36817
Aprueba,rural,1.36817
Aprueba,turistico,1.36817
Aprueba,urbano,1.36817
Aprueba,aguas,1.36769
Aprueba,regale,1.36769
Aprueba,tierras,1.36769
Aprueba,abordado,1.36658
Aprueba,izquierdista,1.36278
Aprueba,honesto,1.36175
Aprueba,informa,1.35093
Aprueba,esprisito,1.34527
Aprueba,documento,1.33726
Aprueba,estatus,1.33726
Aprueba,facilidad,1.33726
Aprueba,surgir,1.33726
Aprueba,ultimas,1.33726
Aprueba,momentos,1.33581
Aprueba,desconformidad,1.3348
Aprueba,tewngo,1.3348
Aprueba,llavando,1.33397
Aprueba,rie,1.33397
Aprueba,directo,1.32632
Aprueba,preocuopa,1.32273
Aprueba,mentalidad,1.3214
Aprueba,inflacion,1.3206
Aprueba,marchando,1.3206
Aprueba,puedan,1.3206
Aprueba,anbiente,1.31789
Aprueba,prente,1.31789
Aprueba,tods,1.31789
Aprueba,camara,1.31574
Aprueba,diputados,1.31574
Aprueba,normas,1.31574
Aprueba,normativa,1.31574
Aprueba,ponerle,1.31574
Aprueba,qie,1.31574
Aprueba,sinete,1.31574
Aprueba,toman,1.31574
Aprueba,alargo,1.3135
Aprueba,arregando,1.3135
Aprueba,encuentor,1.3135
Aprueba,engaños,1.3135
Aprueba,estadando,1.3135
Aprueba,favorecido,1.3135
Aprueba,imponiendio,1.3135
Aprueba,jefe,1.3135
Aprueba,mantendio,1.3135
Aprueba,mostrado,1.3135
Aprueba,ostrado,1.3135
Aprueba,relaciones,1.31035
Aprueba,cursos,1.30826
Aprueba,eligio,1.30826
Aprueba,aumentado,1.30654
Aprueba,bajara,1.30654
Aprueba,gubernamentales,1.30654
Aprueba,marido,1.30654
Aprueba,tarcera,1.30392
Aprueba,renovado,1.30049
Aprueba,organizado,1.29927
Aprueba,conoce,1.299
Aprueba,decadencia,1.299
Aprueba,eseta,1.299
Aprueba,experto,1.299
Aprueba,apruebao,1.29685
Aprueba,diò,1.29685
Aprueba,entregar,1.29685
Aprueba,fàcil,1.29685
Aprueba,filtyro,1.29685
Aprueba,necesitada,1.29685
Aprueba,imagino,1.26759
Aprueba,motivo,1.26734
Aprueba,cometio,1.2567
Aprueba,desaprobación,1.2567
Aprueba,enfocando,1.2567
Aprueba,implicando,1.2567
Aprueba,inclusion,1.2567
Aprueba,informado,1.2567
Aprueba,marcados,1.2567
Aprueba,bajar,1.25511
Aprueba,diversidad,1.2521
Aprueba,als,1.2496
Aprueba,genral,1.2496
Aprueba,spor,1.2496
Aprueba,subirle,1.2496
Aprueba,sociocultural,1.24628
Aprueba,ciudade,1.2425
Aprueba,especifica,1.2425
Aprueba,mineras,1.2425
Aprueba,presisa,1.2425
Aprueba,prodria,1.2425
Aprueba,sacara,1.2425
Aprueba,mandado,1.2354
Aprueba,clasificar,1.2212
Aprueba,corresponde,1.2212
Aprueba,documentacion,1.2212
Aprueba,interesado,1.2212
Aprueba,lleve,1.2212
Aprueba,medidad,1.2212
Aprueba,moemnto,1.2212
Aprueba,pregunta,1.2212
Aprueba,radical,1.2212
Aprueba,respuesta,1.2212
Aprueba,tendria,1.2212
Aprueba,junta,1.22052
Aprueba,llaman,1.22052
Aprueba,llamar,1.22052
Aprueba,poblaciones,1.22052
Aprueba,tiro,1.22052
Aprueba,tramitaban,1.22052
Aprueba,vecinos,1.22052
Aprueba,beneficiosas,1.21648
Aprueba,lenta,1.21648
Aprueba,cauerdo,1.21432
Aprueba,burocratico,1.2141
Aprueba,flote,1.2141
Aprueba,indiferente,1.2141
Aprueba,pracmatico,1.2141
Aprueba,resoluciones,1.2141
Aprueba,gratuita,1.1999
Aprueba,cimientos,1.19675
Aprueba,creció,1.19675
Aprueba,industriales,1.19675
Aprueba,influirá,1.19675
Aprueba,levantaron,1.19675
Aprueba,subió,1.19675
Aprueba,aghradan,1.19528
Aprueba,amedia,1.19528
Aprueba,areglada,1.19528
Aprueba,decirme,1.19528
Aprueba,esdas,1.19528
Aprueba,mcujhhio,1.19528
Aprueba,olvida,1.19528
Aprueba,parientes,1.19528
Aprueba,patas,1.19528
Aprueba,rtpricado,1.19528
Aprueba,secot,1.19528
Aprueba,tosos,1.19528
Aprueba,termino,1.18892
Aprueba,imaginese,1.18826
Aprueba,logro,1.18826
Aprueba,recibio,1.18826
Aprueba,terremoto,1.18826
Aprueba,bandalismo,1.1786
Aprueba,biuenos,1.1786
Aprueba,porquer,1.1786
Aprueba,estancada,1.17434
Aprueba,falata,1.17434
Aprueba,operante,1.17434
Aprueba,vio,1.17434
Aprueba,capacitada,1.16576
Aprueba,facilita,1.1644
Aprueba,gustaban,1.1644
Aprueba,quita,1.1644
Aprueba,satisfactorio,1.1644
Aprueba,iniciativas,1.1585
Aprueba,ordenarla,1.1585
Aprueba,calles,1.1575
Aprueba,pùblica,1.1575
Aprueba,siempr,1.1575
Aprueba,tire,1.1575
Aprueba,vial,1.1575
Aprueba,mejore,1.14787
Aprueba,candidatura,1.1431
Aprueba,generado,1.1431
Aprueba,inplementando,1.1431
Aprueba,inplementandoy,1.1431
Aprueba,pórque,1.1431
Aprueba,coincidencia,1.14092
Aprueba,población,1.14092
Aprueba,proyeccion,1.14092
Aprueba,empezado,1.14049
Aprueba,violencia,1.14049
Aprueba,negativamente,1.13715
Aprueba,pasitiva,1.13715
Aprueba,acepten,1.136
Aprueba,costando,1.136
Aprueba,integrar,1.136
Aprueba,mirado,1.136
Aprueba,poblemas,1.136
Aprueba,unificar,1.136
Aprueba,vista,1.136
Aprueba,pareta,1.1289
Aprueba,participa,1.1289
Aprueba,corregir,1.12035
Aprueba,endurecer,1.12035
Aprueba,penas,1.12035
Aprueba,eleccion,1.11081
Aprueba,cunple,1.10578
Aprueba,cuota,1.10578
Aprueba,horizantal,1.10578
Aprueba,aquedar,1.10507
Aprueba,elegir,1.10507
Aprueba,organizar,1.10507
Aprueba,abran,1.10078
Aprueba,carpetas,1.10078
Aprueba,habran,1.10078
Aprueba,pidiendo,1.10078
Aprueba,mezura,1.1005
Aprueba,afuera,1.09944
Aprueba,creciendo,1.09944
Aprueba,abrio,1.0934
Aprueba,crecio,1.0934
Aprueba,depender,1.08653
Aprueba,ñuble,1.08653
Aprueba,cargos,1.0863
Aprueba,confrontacionales,1.0863
Aprueba,diversos,1.0863
Aprueba,enfermedad,1.0863
Aprueba,inentendible,1.0863
Aprueba,instruidas,1.0863
Aprueba,jubilada,1.0863
Aprueba,ocupado,1.0863
Aprueba,paz,1.0863
Aprueba,preparada,1.0863
Aprueba,preparadas,1.0863
Aprueba,preparado,1.0863
Aprueba,privadas,1.0863
Aprueba,reparticiones,1.0863
Aprueba,rodea,1.0863
Aprueba,tratan,1.0863
Aprueba,vergonzoso,1.0863
Aprueba,abren,1.0792
Aprueba,aprobacion,1.0792
Aprueba,bancos,1.0792
Aprueba,complejas,1.0792
Aprueba,limite,1.0792
Aprueba,piñer,1.0792
Aprueba,podia,1.0792
Aprueba,haigan,1.07854
Aprueba,logre,1.07854
Aprueba,odio,1.07854
Aprueba,cumpla,1.0721
Aprueba,fabrica,1.07093
Aprueba,ud,1.07093
Aprueba,alejado,1.06851
Aprueba,borra,1.06851
Aprueba,candidato,1.06851
Aprueba,compartir,1.06851
Aprueba,componiendo,1.06851
Aprueba,cuestion,1.06851
Aprueba,desventaja,1.06851
Aprueba,ejecucion,1.06851
Aprueba,fallando,1.06851
Aprueba,espiritu,1.065
Aprueba,optimismo,1.065
Aprueba,producto,1.065
Aprueba,superacion,1.065
Aprueba,todabia,1.065
Aprueba,calidad,1.0604
Aprueba,bastate,1.05773
Aprueba,experincia,1.05773
Aprueba,hubio,1.05773
Aprueba,estancados,1.05048
Aprueba,contraria,1.05039
Aprueba,mme,1.05039
Aprueba,ocurre,1.05039
Aprueba,intencionada,1.04879
Aprueba,abuso,1.04535
Aprueba,cinsero,1.04535
Aprueba,lincuencia,1.04535
Aprueba,continuador,1.0437
Aprueba,denuevo,1.0437
Aprueba,querer,1.04131
Aprueba,quiebra,1.04131
Aprueba,sostenedor,1.04131
Aprueba,creacion,1.03854
Aprueba,aprobadas,1.03681
Aprueba,firmadas,1.03681
Aprueba,hacerr,1.03681
Aprueba,preocupada,1.03681
Aprueba,plan,1.0366
Aprueba,pòlitico,1.0366
Aprueba,segundacomo,1.0366
Aprueba,verda,1.0366
Aprueba,agencia,1.03604
Aprueba,fundamentamente,1.03604
Aprueba,tomados,1.03604
Aprueba,aestoy,1.03602
Aprueba,apollado,1.03602
Aprueba,aprovando,1.03602
Aprueba,canbio,1.03602
Aprueba,canbios,1.03602
Aprueba,capitalismo,1.03602
Aprueba,centre,1.03602
Aprueba,propuso,1.03602
Aprueba,ubo,1.03602
Aprueba,levanto,1.03006
Aprueba,suelo,1.03006
Aprueba,horror,1.0295
Aprueba,popular,1.0295
Aprueba,vivi,1.0295
Aprueba,diciendo,1.0224
Aprueba,cumplirlo,1.02092
Aprueba,endeudado,1.02092
Aprueba,restableciendo,1.02092
Aprueba,resultar,1.02092
Aprueba,arreglo,1.02067
Aprueba,exceso,1.02067
Aprueba,ordeno,1.02067
Aprueba,proque,1.02067
Aprueba,comparando,1.01845
Aprueba,conlos,1.01845
Aprueba,charlatan,1.01633
Aprueba,adapta,1.01549
Aprueba,ase,1.01549
Aprueba,cristiana,1.01549
Aprueba,dinamico,1.01549
Aprueba,formada,1.01549
Aprueba,lectura,1.01549
Aprueba,nesta,1.01549
Aprueba,ordenadas,1.01549
Aprueba,trasnparencia,1.01549
Aprueba,aire,1.0153
Aprueba,algun,1.0153
Aprueba,apocos,1.0153
Aprueba,bienes,1.0153
Aprueba,desaprueba,1.0153
Aprueba,habra,1.0153
Aprueba,luz,1.0153
Aprueba,quitados,1.0153
Aprueba,vera,1.0153
Aprueba,empezamos,1.01462
Aprueba,criminalidad,1.01432
Aprueba,mejorara,1.01432
Aprueba,mostratado,1.01432
Aprueba,transmite,1.01432
Aprueba,ùltimo,1.01432
Aprueba,unir,1.01432
Aprueba,ajenas,1.01056
Aprueba,fortaleciendola,1.01056
Aprueba,ocupara,1.01056
Aprueba,platas,1.01056
Aprueba,corresponden,1.00686
Aprueba,desconocen,1.00686
Aprueba,destrozados,1.00686
Aprueba,desvinculacion,1.00686
Aprueba,etc,1.00686
Aprueba,generaciones,1.00686
Aprueba,odios,1.00686
Aprueba,pasadas,1.00686
Aprueba,tomó,1.006
Aprueba,suban,1.00321
Aprueba,subir,1.00321
Aprueba,bajos,1.0011
Aprueba,conflictivo,1.0011
Aprueba,cuesta,1.0011
Aprueba,ejecuta,1.0011
Aprueba,esperanzas,1.0011
Aprueba,estabamos,1.0011
Aprueba,hechio,1.0011
Aprueba,intensiòn,1.0011
Aprueba,plantea,1.0011
Aprueba,proponga,1.0011
Aprueba,rapidas,1.0011
Aprueba,regala,1.0011
Aprueba,tendencias,1.0011
Aprueba,totalmente,1.0011
Aprueba,trabajops,1.0011
Aprueba,cuba,0.99438
Aprueba,vuelva,0.99438
Aprueba,estanca,0.98979
Aprueba,estanco,0.98979
Aprueba,porque4,0.98979
Aprueba,ámbitos,0.98502
Aprueba,cero,0.98502
Aprueba,clima,0.98502
Aprueba,cumplio,0.98502
Aprueba,demaciado,0.98502
Aprueba,distintos,0.98502
Aprueba,enroscado,0.98502
Aprueba,especificaemnte,0.98502
Aprueba,idiologia,0.98502
Aprueba,lograr,0.98502
Aprueba,primete,0.98502
Aprueba,prioriza,0.98502
Aprueba,riendas,0.98502
Aprueba,tome,0.98502
Aprueba,derechos,0.98256
Aprueba,haq,0.98256
Aprueba,maduro,0.98256
Aprueba,sistemaq,0.98256
Aprueba,costado,0.96843
Aprueba,dificiltodo,0.96843
Aprueba,vi,0.9629
Aprueba,andar,0.96202
Aprueba,argentina,0.96202
Aprueba,aventurarse,0.96202
Aprueba,debia,0.96202
Aprueba,desarrollos,0.96202
Aprueba,fiscal,0.96202
Aprueba,forjr,0.96202
Aprueba,futuros,0.96202
Aprueba,hechando,0.96202
Aprueba,hiciera,0.96202
Aprueba,independencia,0.96202
Aprueba,industrias,0.96202
Aprueba,mero,0.96202
Aprueba,ordenada,0.96202
Aprueba,posilidades,0.96202
Aprueba,realizan,0.96202
Aprueba,as,0.95933
Aprueba,relativo,0.95933
Aprueba,ajuste,0.9569
Aprueba,cuudadana,0.9569
Aprueba,disposicion,0.9569
Aprueba,implantando,0.9569
Aprueba,infancia,0.95606
Aprueba,lanoral,0.95606
Aprueba,manejaba,0.95606
Aprueba,reales,0.95606
Aprueba,inversiòn,0.95514
Aprueba,eligieron,0.9514
Aprueba,tarbajo,0.94832
Aprueba,parche,0.94747
Aprueba,agricultor,0.94333
Aprueba,pequeño,0.94333
Aprueba,aalla,0.93907
Aprueba,aportan,0.93907
Aprueba,cien,0.93907
Aprueba,complementar,0.93907
Aprueba,convenios,0.93907
Aprueba,daños,0.93907
Aprueba,deportar,0.93907
Aprueba,fiscalizando,0.93907
Aprueba,hablar,0.93907
Aprueba,hechos,0.93907
Aprueba,jornada,0.93907
Aprueba,justificar,0.93907
Aprueba,porciento,0.93907
Aprueba,remuneracion,0.93907
Aprueba,ventana,0.93907
Aprueba,jodido,0.9372
Aprueba,notoriamente,0.9372
Aprueba,obtener,0.9372
Aprueba,ofrecio,0.9372
Aprueba,adecuado,0.93703
Aprueba,aptecnancia,0.93703
Aprueba,conceptos,0.93703
Aprueba,deporte,0.93703
Aprueba,2010,0.93622
Aprueba,gention,0.93622
Aprueba,apolitico,0.92277
Aprueba,constitucional,0.92277
Aprueba,poloticvos,0.92277
Aprueba,tales,0.92277
Aprueba,votamos,0.92015
Aprueba,aumetado,0.91765
Aprueba,balanciando,0.91765
Aprueba,eol,0.91765
Aprueba,capital,0.9159
Aprueba,cresca,0.9159
Aprueba,echado,0.9159
Aprueba,evaluar,0.9159
Aprueba,fabricas,0.9159
Aprueba,faltaba,0.9159
Aprueba,inclinacion,0.9159
Aprueba,manda,0.9159
Aprueba,meto,0.9159
Aprueba,norte,0.9159
Aprueba,ordenara,0.9159
Aprueba,productividad,0.9159
Aprueba,realista,0.9159
Aprueba,socialistas,0.9159
Aprueba,aprecia,0.91572
Aprueba,candidateo,0.91572
Aprueba,centralizacion,0.91572
Aprueba,centralizado,0.91572
Aprueba,escuchando,0.91572
Aprueba,estabiladad,0.91572
Aprueba,etiquetado,0.91572
Aprueba,graficos,0.91572
Aprueba,impuesto,0.91572
Aprueba,laclase,0.91572
Aprueba,mente,0.91572
Aprueba,obgetar,0.91572
Aprueba,polictica,0.91572
Aprueba,rel,0.91572
Aprueba,ultima,0.91572
Aprueba,absolutamente,0.91254
Aprueba,autocritico,0.91254
Aprueba,colaboradores,0.91254
Aprueba,concreto,0.91254
Aprueba,considerado,0.91254
Aprueba,cosidero,0.91254
Aprueba,critico,0.91254
Aprueba,energico,0.91254
Aprueba,idonea,0.91254
Aprueba,inviertiendo,0.91254
Aprueba,isapres,0.91254
Aprueba,medi,0.91254
Aprueba,necesarios,0.91254
Aprueba,seguimiento,0.91254
Aprueba,transparentar,0.91254
Aprueba,asaltado,0.91136
Aprueba,limpio,0.91136
Aprueba,sacaban,0.91136
Aprueba,casamiento,0.90712
Aprueba,clse,0.90712
Aprueba,esperando,0.90712
Aprueba,medicina,0.90712
Aprueba,micro,0.90712
Aprueba,operando,0.90712
Aprueba,adelanto,0.9017
Aprueba,reguion,0.9017
Aprueba,ataca,0.90101
Aprueba,camnio,0.90101
Aprueba,encunetro,0.90101
Aprueba,ghrandes,0.90101
Aprueba,qeno,0.90101
Aprueba,campos,0.9009
Aprueba,votó,0.9009
Aprueba,indeciso,0.90004
Aprueba,sencillez,0.90004
Aprueba,aporta,0.89945
Aprueba,contenta,0.89945
Aprueba,cuendo,0.89945
Aprueba,faltaban,0.89945
Aprueba,mejoror,0.89945
Aprueba,siguiendo,0.89945
Aprueba,voté,0.89945
Aprueba,atacando,0.89483
Aprueba,solides,0.89483
Aprueba,emprendedora,0.89322
Aprueba,trate,0.89322
Aprueba,apunta,0.89085
Aprueba,ejercicio,0.89085
Aprueba,funcionen,0.89085
Aprueba,individual,0.89085
Aprueba,industria,0.89085
Aprueba,intituciones,0.89085
Aprueba,modernizacion,0.89085
Aprueba,terminando,0.89085
Aprueba,conforme,0.88622
Aprueba,ambientalque,0.88487
Aprueba,avances,0.88487
Aprueba,contribucion,0.88487
Aprueba,creen,0.88487
Aprueba,dejando,0.88487
Aprueba,desminullero,0.88487
Aprueba,facilmente,0.88487
Aprueba,infacia,0.88487
Aprueba,legales,0.88487
Aprueba,legislaciones,0.88487
Aprueba,línea,0.88487
Aprueba,mejoran,0.88487
Aprueba,netamente,0.88487
Aprueba,niveles,0.88487
Aprueba,rebelion,0.88487
Aprueba,reglamentos,0.88487
Aprueba,trae,0.88487
Aprueba,acuerdos,0.88413
Aprueba,biban,0.88413
Aprueba,busqueda,0.88413
Aprueba,est,0.88413
Aprueba,hacrer,0.88413
Aprueba,transversales,0.88413
Aprueba,uyncakmbip,0.88413
Aprueba,11,0.88124
Aprueba,parriba,0.88124
Aprueba,administrativamente,0.8804
Aprueba,equivocado,0.8804
Aprueba,regularizado,0.8804
Aprueba,propuetsa,0.87978
Aprueba,subido,0.87978
Aprueba,hem,0.87822
Aprueba,alejada,0.87392
Aprueba,desagrada,0.87392
Aprueba,estubo,0.87392
Aprueba,paresio,0.87392
Aprueba,ves,0.87392
Aprueba,preferencia,0.87349
Aprueba,activa,0.8733
Aprueba,continua,0.8733
Aprueba,estudiantiles,0.8733
Aprueba,ingrese,0.8733
Aprueba,movimientos,0.8733
Aprueba,tomas,0.8733
Aprueba,vende,0.8733
Aprueba,beneficiada,0.87196
Aprueba,fosis,0.87196
Aprueba,irregularidades,0.87196
Aprueba,madre,0.87196
Aprueba,antiguo,0.8685
Aprueba,dificilies,0.86688
Aprueba,inconvenientes,0.86688
Aprueba,rapidos,0.86688
Aprueba,tranparente,0.86688
Aprueba,vuela,0.86688
Aprueba,ordenanod,0.8662
Aprueba,enap,0.86557
Aprueba,establecido,0.86557
Aprueba,asta,0.86531
Aprueba,avisto,0.86531
Aprueba,estables,0.86531
Aprueba,relevante,0.86531
Aprueba,colocanado,0.86324
Aprueba,misterio,0.86324
Aprueba,negativo,0.86324
Aprueba,plataforma,0.86324
Aprueba,terreno,0.86324
Aprueba,trasporte,0.86324
Aprueba,uber,0.86324
Aprueba,1er,0.86271
Aprueba,consideracion,0.86271
Aprueba,diversas,0.86271
Aprueba,mini,0.86271
Aprueba,moderacion,0.86271
Aprueba,resueltos,0.86271
Aprueba,simultaneo,0.86271
Aprueba,atrncionrs,0.8591
Aprueba,compenzar,0.8591
Aprueba,discapacitados,0.8591
Aprueba,enfermos,0.8591
Aprueba,ninos,0.8591
Aprueba,reciben,0.8591
Aprueba,cansado,0.8562
Aprueba,concertacion,0.8562
Aprueba,confiables,0.8562
Aprueba,descubierto,0.8562
Aprueba,sinverguenzas,0.8562
Aprueba,apollo,0.85444
Aprueba,repunte,0.85444
Aprueba,resultado,0.85444
Aprueba,sinceramente,0.85444
Aprueba,apoyamos,0.85214
Aprueba,bajas,0.85214
Aprueba,boche,0.85214
Aprueba,chata,0.85214
Aprueba,corazon,0.85214
Aprueba,decirle,0.85214
Aprueba,encia,0.85214
Aprueba,meta,0.85214
Aprueba,metas,0.85214
Aprueba,preocupo,0.85214
Aprueba,proceder,0.85214
Aprueba,suficiente,0.85214
Aprueba,vivir,0.85214
Aprueba,estadisticas,0.852
Aprueba,astas,0.85108
Aprueba,conductor,0.85108
Aprueba,ecdho,0.85108
Aprueba,popa,0.85108
Aprueba,toro,0.85108
Aprueba,viento,0.85108
Aprueba,agusto,0.85034
Aprueba,austeridad,0.85034
Aprueba,conduciondo,0.85034
Aprueba,desarrolladas,0.85034
Aprueba,desicion,0.85034
Aprueba,estudio,0.85034
Aprueba,firmeza,0.85034
Aprueba,fortalecimiento,0.85034
Aprueba,hospitalesla,0.85034
Aprueba,incertidumbre,0.85034
Aprueba,notable,0.85034
Aprueba,obra,0.85034
Aprueba,onestidad,0.85034
Aprueba,partiendo,0.85034
Aprueba,pinochet,0.85034
Aprueba,populista,0.85034
Aprueba,profecianal,0.85034
Aprueba,repuntando,0.85034
Aprueba,situcacion,0.85034
Aprueba,innovador,0.8449
Aprueba,relajado,0.8449
Aprueba,resuelto,0.8449
Aprueba,afeta,0.84475
Aprueba,hga,0.84475
Aprueba,beneficiado,0.84098
Aprueba,permitido,0.84098
Aprueba,amplio,0.84026
Aprueba,anuncios,0.83387
Aprueba,reativacion,0.83387
Aprueba,discursos,0.83262
Aprueba,interiorisado,0.83262
Aprueba,políticos,0.83262
Aprueba,televisión,0.83262
Aprueba,comparado,0.83218
Aprueba,cunas,0.83218
Aprueba,descontentas,0.83218
Aprueba,límite,0.83218
Aprueba,notorio,0.83218
Aprueba,plantear,0.83218
Aprueba,restricción,0.83218
Aprueba,salas,0.83218
Aprueba,solucionando,0.83218
Aprueba,talcahuano,0.83218
Aprueba,2020,0.83189
Aprueba,afinalizar,0.83189
Aprueba,ampliamente,0.83189
Aprueba,apuintan,0.83189
Aprueba,conde,0.83189
Aprueba,diente,0.83189
Aprueba,entes,0.83189
Aprueba,evaluaciones,0.83189
Aprueba,hasy,0.83189
Aprueba,implementacion,0.83189
Aprueba,incando,0.83189
Aprueba,manteniendo,0.83189
Aprueba,muncipalidad,0.83189
Aprueba,pasi,0.83189
Aprueba,pertenecer,0.83189
Aprueba,prevee,0.83189
Aprueba,rl,0.83189
Aprueba,trabaj,0.83189
Aprueba,acabo,0.83076
Aprueba,regio,0.83076
Aprueba,aport,0.8307
Aprueba,cosasç,0.8307
Aprueba,escucho,0.8307
Aprueba,colocando,0.82686
Aprueba,deberian,0.82686
Aprueba,mandar,0.82673
Aprueba,compaada,0.826
Aprueba,coyuntura,0.826
Aprueba,dejen,0.826
Aprueba,eficacez,0.826
Aprueba,enfrentar,0.826
Aprueba,equilibrio,0.826
Aprueba,política,0.826
Aprueba,privilegia,0.826
Aprueba,regulando,0.826
Aprueba,tiempos,0.826
Aprueba,trabajopara,0.826
Aprueba,usado,0.826
Aprueba,actualidad,0.8236
Aprueba,cabe,0.8236
Aprueba,coherenciapor,0.8236
Aprueba,experimentando,0.8236
Aprueba,gustos,0.8236
Aprueba,implementado,0.8236
Aprueba,importan,0.8236
Aprueba,independientemente,0.8236
Aprueba,ineficiente,0.8236
Aprueba,operativos,0.8236
Aprueba,raccionar,0.8236
Aprueba,simultaneos,0.8236
Aprueba,terminos,0.8236
Aprueba,vivìo,0.8236
Aprueba,necesario,0.82279
Aprueba,colaborando,0.81702
Aprueba,carnet,0.8165
Aprueba,metiendo,0.81641
Aprueba,agradan,0.81412
Aprueba,conectividad,0.81412
Aprueba,continuida,0.81412
Aprueba,enfacis,0.81412
Aprueba,micheol,0.81412
Aprueba,modificando,0.81412
Aprueba,notando,0.81412
Aprueba,porqre,0.81412
Aprueba,asombra,0.8134
Aprueba,cantidad,0.8134
Aprueba,complejos,0.8134
Aprueba,armonia,0.81339
Aprueba,austero,0.81339
Aprueba,causa,0.81339
Aprueba,gastos.mejor,0.81339
Aprueba,importantes,0.81339
Aprueba,mejopr,0.81339
Aprueba,personales,0.81339
Aprueba,podido,0.81339
Aprueba,porqe,0.81339
Aprueba,preo,0.81339
Aprueba,qiuedo,0.81339
Aprueba,rato,0.81339
Aprueba,trando,0.81339
Aprueba,abanderizado,0.81294
Aprueba,distador,0.81294
Aprueba,adeministracion,0.81041
Aprueba,transpaene,0.81041
Aprueba,paia,0.80867
Aprueba,incrementado,0.80798
Aprueba,eficacia,0.80721
Aprueba,organismo,0.80721
Aprueba,poublico,0.80721
Aprueba,servicios,0.80721
Aprueba,daño,0.8047
Aprueba,derrepente,0.8047
Aprueba,discupe,0.8047
Aprueba,expresion,0.8047
Aprueba,exranjera,0.8047
Aprueba,valora,0.8047
Aprueba,vieja,0.8047
Aprueba,votando,0.8047
Aprueba,obtuve,0.8023
Aprueba,chicos,0.79971
Aprueba,posibilidades,0.79971
Aprueba,comunismo,0.79912
Aprueba,critique,0.7952
Aprueba,imporatante,0.7952
Aprueba,nombra,0.7952
Aprueba,viiviendo,0.7952
Aprueba,brillante,0.79421
Aprueba,don,0.79421
Aprueba,trabajolico,0.79421
Aprueba,frutos,0.79319
Aprueba,atacan,0.79012
Aprueba,deficiencia,0.79012
Aprueba,envidiosos,0.79012
Aprueba,titrado,0.79012
Aprueba,trado,0.79012
Aprueba,tranquila,0.79012
Aprueba,devieran,0.78994
Aprueba,compliendo,0.78823
Aprueba,aula,0.7881
Aprueba,interezante,0.7881
Aprueba,pensar,0.7881
Aprueba,polarizado,0.7881
Aprueba,vance,0.7881
Aprueba,crecido,0.781
Aprueba,exigiendo,0.7739
Aprueba,expulsando,0.7739
Aprueba,anbito,0.77312
Aprueba,condicion,0.77312
Aprueba,excepciones,0.77312
Aprueba,gestor,0.77312
Aprueba,identifico,0.77312
Aprueba,inapropiados,0.77312
Aprueba,parce,0.77312
Aprueba,preocupaba,0.77312
Aprueba,tecnicas,0.77312
Aprueba,arta,0.77271
Aprueba,campesina,0.77271
Aprueba,campesinado,0.77271
Aprueba,comunes,0.77271
Aprueba,dominga,0.77271
Aprueba,enfocadas,0.77271
Aprueba,entrado,0.77271
Aprueba,ponerse,0.77271
Aprueba,resulta,0.77271
Aprueba,sabido,0.77271
Aprueba,apuntado,0.7726
Aprueba,encuestas,0.7726
Aprueba,finalmente,0.7726
Aprueba,cumprido,0.77217
Aprueba,to,0.77217
Aprueba,elegimos,0.76966
Aprueba,tercero,0.76966
Aprueba,pàis,0.76578
Aprueba,portando,0.76578
Aprueba,tranqlo,0.76578
Aprueba,adecuadas,0.76338
Aprueba,demandado,0.76338
Aprueba,iniciativa,0.76338
Aprueba,legislativas,0.76338
Aprueba,comparo,0.76203
Aprueba,conduce,0.76203
Aprueba,ejercer,0.76203
Aprueba,esfera,0.76203
Aprueba,favor,0.76203
Aprueba,gustarìa,0.76203
Aprueba,observar,0.76203
Aprueba,activado,0.7597
Aprueba,admisrtrar,0.7597
Aprueba,alegatos,0.7597
Aprueba,apatico,0.7597
Aprueba,apoyar,0.7597
Aprueba,avala,0.7597
Aprueba,boga,0.7597
Aprueba,causas,0.7597
Aprueba,com9o,0.7597
Aprueba,comunicacion,0.7597
Aprueba,conla,0.7597
Aprueba,cremimiento,0.7597
Aprueba,cristiano,0.7597
Aprueba,cualquiera,0.7597
Aprueba,curtural,0.7597
Aprueba,defensa,0.7597
Aprueba,dejaron,0.7597
Aprueba,desvalida,0.7597
Aprueba,empeabilidad,0.7597
Aprueba,emvuelto,0.7597
Aprueba,enpresariales,0.7597
Aprueba,escandalos,0.7597
Aprueba,esperabamos,0.7597
Aprueba,famila,0.7597
Aprueba,fomra,0.7597
Aprueba,gustra,0.7597
Aprueba,havienmdo,0.7597
Aprueba,l0,0.7597
Aprueba,laconfianza,0.7597
Aprueba,levado,0.7597
Aprueba,llendo,0.7597
Aprueba,mejoramiento,0.7597
Aprueba,opinionpublica,0.7597
Aprueba,organizo,0.7597
Aprueba,políticas,0.7597
Aprueba,porv,0.7597
Aprueba,puso,0.7597
Aprueba,quisiera,0.7597
Aprueba,recuperacion,0.7597
Aprueba,refleja,0.7597
Aprueba,reguló,0.7597
Aprueba,seguir,0.7597
Aprueba,sepuede,0.7597
Aprueba,sioridubre,0.7597
Aprueba,stop,0.7597
Aprueba,super,0.7597
Aprueba,teniamos,0.7597
Aprueba,transparentes,0.7597
Aprueba,union,0.7597
Aprueba,universidades,0.7597
Aprueba,corriente,0.75558
Aprueba,dineros,0.75558
Aprueba,estadista,0.75558
Aprueba,abriendo,0.75358
Aprueba,antiguas,0.75358
Aprueba,asocuados,0.75358
Aprueba,avanza,0.75358
Aprueba,benefcios,0.75358
Aprueba,cargandolo,0.75358
Aprueba,casas,0.75358
Aprueba,comparación,0.75358
Aprueba,dirección,0.75358
Aprueba,esdtabamos,0.75358
Aprueba,evidentes,0.75358
Aprueba,fomentando,0.75358
Aprueba,gibierno,0.75358
Aprueba,guiar,0.75358
Aprueba,guio,0.75358
Aprueba,habiamos,0.75358
Aprueba,inmediatas,0.75358
Aprueba,logra,0.75358
Aprueba,logrande,0.75358
Aprueba,mese,0.75358
Aprueba,micleje,0.75358
Aprueba,mineria,0.75358
Aprueba,monton,0.75358
Aprueba,objetivos,0.75358
Aprueba,palpa,0.75358
Aprueba,pàsado,0.75358
Aprueba,pide,0.75358
Aprueba,pooc,0.75358
Aprueba,recibiendo,0.75358
Aprueba,recuperando,0.75358
Aprueba,sacarlos,0.75358
Aprueba,saliamos,0.75358
Aprueba,seguio,0.75358
Aprueba,suben,0.75358
Aprueba,ultuim,0.75358
Aprueba,vemos,0.75358
Aprueba,administrada,0.7526
Aprueba,chileno,0.7526
Aprueba,entrando,0.7526
Aprueba,existian,0.7526
Aprueba,fanatico,0.7526
Aprueba,franco,0.7526
Aprueba,gira,0.7526
Aprueba,abria,0.75051
Aprueba,regula,0.75019
Aprueba,todn,0.75019
Aprueba,extructuras,0.74947
Aprueba,legislacion,0.74947
Aprueba,apoyarlo,0.7455
Aprueba,descontento,0.7455
Aprueba,desigualdad,0.7455
Aprueba,desubicado,0.7455
Aprueba,equivoco,0.7455
Aprueba,lados,0.7455
Aprueba,lamentablemente,0.7455
Aprueba,negro,0.7455
Aprueba,palabreria,0.7455
Aprueba,preguntando,0.7455
Aprueba,reprensenta,0.7455
Aprueba,robado,0.7455
Aprueba,transacciones,0.7455
Aprueba,venir,0.7455
Aprueba,vino,0.7455
Aprueba,vivo,0.7455
Aprueba,recuerda,0.74405
Aprueba,afecta,0.74277
Aprueba,altos,0.74277
Aprueba,ambiente,0.74277
Aprueba,ami,0.74277
Aprueba,aumentar,0.74277
Aprueba,automaticamente,0.74277
Aprueba,buscar,0.74277
Aprueba,cae,0.74277
Aprueba,cvisto,0.74277
Aprueba,desemvuelvo,0.74277
Aprueba,directamente,0.74277
Aprueba,esten,0.74277
Aprueba,externa,0.74277
Aprueba,fomento,0.74277
Aprueba,grupo,0.74277
Aprueba,interna,0.74277
Aprueba,inyeccion,0.74277
Aprueba,planteado,0.74277
Aprueba,rebundancia,0.74277
Aprueba,reemplaza,0.74277
Aprueba,reflejado,0.74277
Aprueba,ugual,0.74277
Aprueba,valga,0.74277
Aprueba,visionaria,0.74277
Aprueba,territorial,0.74036
Aprueba,inevrsiones,0.74034
Aprueba,aprobaciones,0.7384
Aprueba,dificiles,0.7384
Aprueba,observadop,0.7384
Aprueba,presentado,0.7384
Aprueba,desarollar,0.73772
Aprueba,intentado,0.73772
Aprueba,mepleeo,0.73772
Aprueba,orientadas,0.73772
Aprueba,posibilidad,0.73772
Aprueba,queimplemento,0.73772
Aprueba,acercado,0.73685
Aprueba,acercamiento,0.73685
Aprueba,animal,0.73685
Aprueba,camiseta,0.73685
Aprueba,carta,0.73685
Aprueba,culto,0.73685
Aprueba,efectividad,0.73685
Aprueba,futurista,0.73685
Aprueba,ideologia,0.73685
Aprueba,impartir,0.73685
Aprueba,ira,0.73685
Aprueba,mejorarse,0.73685
Aprueba,metido,0.73685
Aprueba,municipio,0.73685
Aprueba,necesitan,0.73685
Aprueba,practica,0.73685
Aprueba,principios,0.73685
Aprueba,profundos,0.73685
Aprueba,rapida,0.73685
Aprueba,refiere,0.73685
Aprueba,sentir,0.73685
Aprueba,terrible,0.73685
Aprueba,negociacion,0.73623
Aprueba,pensado,0.73623
Aprueba,agente,0.73185
Aprueba,apoyanda,0.73185
Aprueba,reordenando,0.73185
Aprueba,alimentado,0.7313
Aprueba,emprleadores,0.72971
Aprueba,mayorias,0.72971
Aprueba,minorias,0.72971
Aprueba,motivar,0.72971
Aprueba,parametro,0.72971
Aprueba,real,0.72971
Aprueba,restablecido,0.72971
Aprueba,trabajen,0.72971
Aprueba,desarollo,0.72924
Aprueba,via,0.72924
Aprueba,progresos,0.72637
Aprueba,siguio,0.72637
Aprueba,comparto,0.72436
Aprueba,100,0.7242
Aprueba,quisieramos,0.7242
Aprueba,mantenemos,0.72373
Aprueba,atractivo,0.72133
Aprueba,detenido,0.72133
Aprueba,atentados,0.7171
Aprueba,contecto,0.7171
Aprueba,criticas,0.7171
Aprueba,democraticamente,0.7171
Aprueba,desestabilizado,0.7171
Aprueba,elejido,0.7171
Aprueba,inprementando,0.7171
Aprueba,opocicion,0.7171
Aprueba,permite,0.7171
Aprueba,presentarse,0.7171
Aprueba,senado,0.7171
Aprueba,terroristas,0.7171
Aprueba,zona,0.7171
Aprueba,benefician,0.7125
Aprueba,apoco,0.71
Aprueba,20,0.70692
Aprueba,25,0.70692
Aprueba,casado,0.70692
Aprueba,esposa,0.70692
Aprueba,obtuvo,0.70692
Aprueba,consensos,0.70624
Aprueba,dialogar,0.70624
Aprueba,porke,0.70624
Aprueba,principalmente,0.70624
Aprueba,trabas,0.70624
Aprueba,abordan,0.70566
Aprueba,abajo,0.7056
Aprueba,constantes,0.7056
Aprueba,cabolo,0.70415
Aprueba,caminio,0.70415
Aprueba,cartera,0.70415
Aprueba,cercania,0.70415
Aprueba,conviccion,0.70415
Aprueba,cumpledohasta,0.70415
Aprueba,cumplimiento,0.70415
Aprueba,dedicacion,0.70415
Aprueba,eficientes,0.70415
Aprueba,gasto,0.70415
Aprueba,historia,0.70415
Aprueba,llebado,0.70415
Aprueba,meja,0.70415
Aprueba,reajuste,0.70415
Aprueba,transporte,0.70415
Aprueba,dialogo,0.70402
Aprueba,alcanzar,0.7029
Aprueba,anotado,0.7029
Aprueba,anti,0.7029
Aprueba,aprobarlo,0.7029
Aprueba,arrastran,0.7029
Aprueba,aumenta,0.7029
Aprueba,azules,0.7029
Aprueba,combatir,0.7029
Aprueba,contraresta,0.7029
Aprueba,cumplirse,0.7029
Aprueba,detener,0.7029
Aprueba,disminucion,0.7029
Aprueba,estatal,0.7029
Aprueba,gastan,0.7029
Aprueba,hartas,0.7029
Aprueba,heber,0.7029
Aprueba,imposible,0.7029
Aprueba,incorporado,0.7029
Aprueba,llamarlo,0.7029
Aprueba,mejoramiente,0.7029
Aprueba,numeros,0.7029
Aprueba,oferta,0.7029
Aprueba,permitiria,0.7029
Aprueba,pobreza,0.7029
Aprueba,preocupaciòn,0.7029
Aprueba,raro,0.7029
Aprueba,redadas,0.7029
Aprueba,relagan,0.7029
Aprueba,reseciòn,0.7029
Aprueba,superarà,0.7029
Aprueba,suponemos,0.7029
Aprueba,tierra,0.7029
Aprueba,tirarlo,0.7029
Aprueba,traido,0.7029
Aprueba,trasparencia,0.7029
Aprueba,hecha,0.7026
Aprueba,palabra,0.7026
Aprueba,do,0.70028
Aprueba,manejan,0.70028
Aprueba,pareccido,0.70028
Aprueba,pediria,0.70028
Aprueba,ponga,0.70028
Aprueba,robo,0.70028
Aprueba,solvencia,0.70028
Aprueba,subida,0.70028
Aprueba,peruanos,0.69926
Aprueba,economista,0.69756
Aprueba,énfasis,0.69756
Aprueba,cerradas,0.69722
Aprueba,dependamos,0.69722
Aprueba,estado.que,0.69722
Aprueba,eticos,0.69722
Aprueba,nacionalista,0.69722
Aprueba,requisitos,0.69722
Aprueba,surga,0.69722
Aprueba,academica,0.69435
Aprueba,aceptable,0.69435
Aprueba,alcance,0.69435
Aprueba,aporte,0.69435
Aprueba,apoyado,0.69435
Aprueba,comercial,0.69435
Aprueba,compañeros,0.69435
Aprueba,conocecimiento,0.69435
Aprueba,dandole,0.69435
Aprueba,excperiensia,0.69435
Aprueba,genere,0.69435
Aprueba,gerente,0.69435
Aprueba,humanitario,0.69435
Aprueba,ideal,0.69435
Aprueba,mejorr,0.69435
Aprueba,neutro,0.69435
Aprueba,preparaciòn,0.69435
Aprueba,prioridad,0.69435
Aprueba,regulacion,0.69435
Aprueba,señor,0.69435
Aprueba,vela,0.69435
Aprueba,generarado,0.6927
Aprueba,positivo,0.6927
Aprueba,enfasis,0.6887
Aprueba,profesionalismo,0.6887
Aprueba,commemoracion,0.68869
Aprueba,gobernabilidad,0.68869
Aprueba,pluralidad,0.68869
Aprueba,intelectual,0.68722
Aprueba,tecnologico,0.68722
Aprueba,arregla,0.68566
Aprueba,autorizacion,0.68566
Aprueba,capacidades,0.68566
Aprueba,conducion,0.68566
Aprueba,entiendo,0.68566
Aprueba,escolaridad,0.68566
Aprueba,negocio,0.68566
Aprueba,uniformada,0.68566
Aprueba,directa,0.68498
Aprueba,presente,0.68498
Aprueba,gustar,0.68256
Aprueba,normalmente,0.68256
Aprueba,practicamente,0.68256
Aprueba,rasonables,0.68256
Aprueba,inconclusas,0.68199
Aprueba,agricola,0.6816
Aprueba,aportes,0.6816
Aprueba,enpesado,0.6816
Aprueba,gana,0.6816
Aprueba,ganamos,0.6816
Aprueba,ganando,0.6816
Aprueba,local,0.6816
Aprueba,mediano,0.6816
Aprueba,nececidades,0.6816
Aprueba,pendientes,0.6816
Aprueba,porcentaje,0.6816
Aprueba,quinientos,0.6816
Aprueba,subirlo,0.6816
Aprueba,tenemeos,0.6816
Aprueba,vacio,0.6816
Aprueba,apruba,0.6745
Aprueba,acertuvi,0.67357
Aprueba,gabinete,0.67357
Aprueba,leda,0.67357
Aprueba,manjea,0.67357
Aprueba,presentan,0.67357
Aprueba,puesta,0.67357
Aprueba,resivido,0.67357
Aprueba,respetan,0.67357
Aprueba,venezolanos,0.67357
Aprueba,venifibios,0.67357
Aprueba,comuna,0.67101
Aprueba,profesores,0.67101
Aprueba,agradable,0.6674
Aprueba,boicotiando,0.6674
Aprueba,conducciòn,0.6674
Aprueba,congreso,0.6674
Aprueba,desarrolo,0.6674
Aprueba,ecaminado,0.6674
Aprueba,educcacional3,0.6674
Aprueba,feling,0.6674
Aprueba,momneto,0.6674
Aprueba,opinar,0.6674
Aprueba,peso,0.6674
Aprueba,tiodo,0.6674
Aprueba,formalidad,0.66342
Aprueba,meva,0.66342
Aprueba,regalar,0.66342
Aprueba,sigar,0.66342
Aprueba,matrimonio,0.65988
Aprueba,sexo,0.65988
Aprueba,desacuerdo,0.65923
Aprueba,ningùn,0.65923
Aprueba,amyor,0.65588
Aprueba,exteriores,0.65588
Aprueba,inclino,0.65588
Aprueba,anticomunista,0.65447
Aprueba,bonanza,0.65447
Aprueba,demonio,0.65447
Aprueba,escojerv,0.65447
Aprueba,europa,0.65447
Aprueba,financiamiento,0.65447
Aprueba,financiero,0.65447
Aprueba,hayo,0.65447
Aprueba,internacionales,0.65447
Aprueba,mantenerse,0.65447
Aprueba,michel,0.65447
Aprueba,poiticas,0.65447
Aprueba,setado,0.65447
Aprueba,intenidad,0.64561
Aprueba,labores,0.64546
Aprueba,monetaria,0.64181
Aprueba,save,0.64181
Aprueba,pararla,0.64079
Aprueba,compatriotas,0.63942
Aprueba,disminuyendo,0.63942
Aprueba,haciendole,0.63942
Aprueba,vayan,0.63942
Aprueba,colocado,0.63574
Aprueba,crebilidad,0.63574
Aprueba,mejoeas,0.63574
Aprueba,sustentar,0.63574
Aprueba,informandose,0.63455
Aprueba,ministerios,0.63303
Aprueba,acontecer,0.62605
Aprueba,actividades,0.62605
Aprueba,amnistia,0.62605
Aprueba,aprovacion,0.62605
Aprueba,concuerdo,0.62605
Aprueba,desmedida,0.62605
Aprueba,dialoga,0.62605
Aprueba,diario,0.62605
Aprueba,encanta,0.62605
Aprueba,entro,0.62605
Aprueba,escapando,0.62605
Aprueba,factores,0.62605
Aprueba,favorecer,0.62605
Aprueba,femicidios,0.62605
Aprueba,hambitos,0.62605
Aprueba,insrtitutos,0.62605
Aprueba,inviewrte,0.62605
Aprueba,mejoreado,0.62605
Aprueba,necesidades,0.62605
Aprueba,percepción,0.62605
Aprueba,resiente,0.62605
Aprueba,resuelve,0.62605
Aprueba,rtambien,0.62605
Aprueba,sabiduria,0.62605
Aprueba,solida,0.62605
Aprueba,tapando,0.62605
Aprueba,transpartencia,0.62605
Aprueba,ciudad,0.6257
Aprueba,deacuerdo,0.61246
Aprueba,irregular,0.61227
Aprueba,paro,0.61227
Aprueba,alla,0.60811
Aprueba,andube,0.60811
Aprueba,compromertido,0.60811
Aprueba,emn,0.60811
Aprueba,entender,0.60811
Aprueba,gotera,0.60811
Aprueba,hizpo,0.60811
Aprueba,igua,0.60811
Aprueba,invercionistas,0.60811
Aprueba,nuca,0.60811
Aprueba,temuco,0.60811
Aprueba,tube,0.60811
Aprueba,crear,0.6035
Aprueba,dirigiendo,0.6035
Aprueba,fundamental,0.6035
Aprueba,integral,0.6035
Aprueba,involucra,0.6035
Aprueba,mision,0.6035
Aprueba,pasarle,0.6035
Aprueba,remplazar,0.6035
Aprueba,termine,0.6035
Aprueba,estalidas,0.59792
Aprueba,anual,0.59427
Aprueba,hacerse,0.59427
Aprueba,recuperar,0.59427
Aprueba,sencilla,0.59427
Aprueba,tien,0.58511
Aprueba,distintas,0.58506
Aprueba,salarial,0.58506
Aprueba,votado,0.58457
Aprueba,agenda,0.58154
Aprueba,deber,0.58154
Aprueba,funcione,0.58154
Aprueba,habiento,0.58154
Aprueba,inyenciones,0.58154
Aprueba,medida,0.58154
Aprueba,restablecer,0.58154
Aprueba,valorica,0.58154
Aprueba,imgarcion,0.56847
Aprueba,principipalmente,0.56847
Aprueba,funcionarios,0.55131
Aprueba,aprueban,0.5492
Aprueba,mujer,0.5492
Aprueba,televisiòn,0.5492
Aprueba,unànime,0.5492
